Watching for file changes with StatReloader
Internal Server Error: /
Traceback (most recent call last):
  File "/Users/dev/Desktop/Project/venv/lib/python3.13/site-packages/django/template/base.py", line 510, in parse
    compile_func = self.tags[command]
                   ~~~~~~~~~^^^^^^^^^
KeyError: 'static'

During handling of the above exception, another exception occurred:

Traceback (most recent call last):
  File "/Users/dev/Desktop/Project/venv/lib/python3.13/site-packages/django/core/handlers/exception.py", line 55, in inner
    response = get_response(request)
  File "/Users/dev/Desktop/Project/venv/lib/python3.13/site-packages/django/core/handlers/base.py", line 197, in _get_response
    response = wrapped_callback(request, *callback_args, **callback_kwargs)
  File "/Users/dev/Desktop/Project/reference_graph/views.py", line 20, in home
    return render(request, 'home.html', context)
  File "/Users/dev/Desktop/Project/venv/lib/python3.13/site-packages/django/shortcuts.py", line 25, in render
    content = loader.render_to_string(template_name, context, request, using=using)
  File "/Users/dev/Desktop/Project/venv/lib/python3.13/site-packages/django/template/loader.py", line 62, in render_to_string
    return template.render(context, request)
           ~~~~~~~~~~~~~~~^^^^^^^^^^^^^^^^^^
  File "/Users/dev/Desktop/Project/venv/lib/python3.13/site-packages/django/template/backends/django.py", line 107, in render
    return self.template.render(context)
           ~~~~~~~~~~~~~~~~~~~~^^^^^^^^^
  File "/Users/dev/Desktop/Project/venv/lib/python3.13/site-packages/django/template/base.py", line 171, in render
    return self._render(context)
           ~~~~~~~~~~~~^^^^^^^^^
  File "/Users/dev/Desktop/Project/venv/lib/python3.13/site-packages/django/template/base.py", line 163, in _render
    return self.nodelist.render(context)
           ~~~~~~~~~~~~~~~~~~~~^^^^^^^^^
  File "/Users/dev/Desktop/Project/venv/lib/python3.13/site-packages/django/template/base.py", line 1016, in render
    return SafeString("".join([node.render_annotated(context) for node in self]))
                               ~~~~~~~~~~~~~~~~~~~~~^^^^^^^^^
  File "/Users/dev/Desktop/Project/venv/lib/python3.13/site-packages/django/template/base.py", line 977, in render_annotated
    return self.render(context)
           ~~~~~~~~~~~^^^^^^^^^
  File "/Users/dev/Desktop/Project/venv/lib/python3.13/site-packages/django/template/loader_tags.py", line 134, in render
    compiled_parent = self.get_parent(context)
  File "/Users/dev/Desktop/Project/venv/lib/python3.13/site-packages/django/template/loader_tags.py", line 131, in get_parent
    return self.find_template(parent, context)
           ~~~~~~~~~~~~~~~~~~^^^^^^^^^^^^^^^^^
  File "/Users/dev/Desktop/Project/venv/lib/python3.13/site-packages/django/template/loader_tags.py", line 109, in find_template
    template, origin = context.template.engine.find_template(
                       ~~~~~~~~~~~~~~~~~~~~~~~~~~~~~~~~~~~~~^
        template_name,
        ^^^^^^^^^^^^^^
        skip=history,
        ^^^^^^^^^^^^^
    )
    ^
  File "/Users/dev/Desktop/Project/venv/lib/python3.13/site-packages/django/template/engine.py", line 159, in find_template
    template = loader.get_template(name, skip=skip)
  File "/Users/dev/Desktop/Project/venv/lib/python3.13/site-packages/django/template/loaders/cached.py", line 57, in get_template
    template = super().get_template(template_name, skip)
  File "/Users/dev/Desktop/Project/venv/lib/python3.13/site-packages/django/template/loaders/base.py", line 28, in get_template
    return Template(
        contents,
    ...<2 lines>...
        self.engine,
    )
  File "/Users/dev/Desktop/Project/venv/lib/python3.13/site-packages/django/template/base.py", line 154, in __init__
    self.nodelist = self.compile_nodelist()
                    ~~~~~~~~~~~~~~~~~~~~~^^
  File "/Users/dev/Desktop/Project/venv/lib/python3.13/site-packages/django/template/base.py", line 196, in compile_nodelist
    nodelist = parser.parse()
  File "/Users/dev/Desktop/Project/venv/lib/python3.13/site-packages/django/template/base.py", line 512, in parse
    self.invalid_block_tag(token, command, parse_until)
    ~~~~~~~~~~~~~~~~~~~~~~^^^^^^^^^^^^^^^^^^^^^^^^^^^^^
  File "/Users/dev/Desktop/Project/venv/lib/python3.13/site-packages/django/template/base.py", line 577, in invalid_block_tag
    raise self.error(
    ...<3 lines>...
    )
django.template.exceptions.TemplateSyntaxError: Invalid block tag on line 13: 'static'. Did you forget to register or load this tag?
Not Found: /favicon.ico
Not Found: /apple-touch-icon-precomposed.png
Not Found: /apple-touch-icon.png
Not Found: /favicon.ico
Not Found: /apple-touch-icon-precomposed.png
Not Found: /apple-touch-icon.png
Watching for file changes with StatReloader
Watching for file changes with StatReloader
Watching for file changes with StatReloader
Watching for file changes with StatReloader
Not Found: /api/papers/statistics/
Not Found: /api/papers/graph-data/
Not Found: /api/papers/statistics/
Not Found: /api/papers/graph-data/
Not Found: /api/papers/statistics/
Not Found: /api/papers/graph-data/
Watching for file changes with StatReloader
Internal Server Error: /
Traceback (most recent call last):
  File "/Users/dev/Desktop/Project/venv/lib/python3.13/site-packages/django/core/handlers/exception.py", line 55, in inner
    response = get_response(request)
  File "/Users/dev/Desktop/Project/venv/lib/python3.13/site-packages/django/core/handlers/base.py", line 197, in _get_response
    response = wrapped_callback(request, *callback_args, **callback_kwargs)
  File "/Users/dev/Desktop/Project/reference_graph/views.py", line 20, in home
    return render(request, 'home.html', context)
  File "/Users/dev/Desktop/Project/venv/lib/python3.13/site-packages/django/shortcuts.py", line 25, in render
    content = loader.render_to_string(template_name, context, request, using=using)
  File "/Users/dev/Desktop/Project/venv/lib/python3.13/site-packages/django/template/loader.py", line 62, in render_to_string
    return template.render(context, request)
           ~~~~~~~~~~~~~~~^^^^^^^^^^^^^^^^^^
  File "/Users/dev/Desktop/Project/venv/lib/python3.13/site-packages/django/template/backends/django.py", line 107, in render
    return self.template.render(context)
           ~~~~~~~~~~~~~~~~~~~~^^^^^^^^^
  File "/Users/dev/Desktop/Project/venv/lib/python3.13/site-packages/django/template/base.py", line 171, in render
    return self._render(context)
           ~~~~~~~~~~~~^^^^^^^^^
  File "/Users/dev/Desktop/Project/venv/lib/python3.13/site-packages/django/template/base.py", line 163, in _render
    return self.nodelist.render(context)
           ~~~~~~~~~~~~~~~~~~~~^^^^^^^^^
  File "/Users/dev/Desktop/Project/venv/lib/python3.13/site-packages/django/template/base.py", line 1016, in render
    return SafeString("".join([node.render_annotated(context) for node in self]))
                               ~~~~~~~~~~~~~~~~~~~~~^^^^^^^^^
  File "/Users/dev/Desktop/Project/venv/lib/python3.13/site-packages/django/template/base.py", line 977, in render_annotated
    return self.render(context)
           ~~~~~~~~~~~^^^^^^^^^
  File "/Users/dev/Desktop/Project/venv/lib/python3.13/site-packages/django/template/loader_tags.py", line 159, in render
    return compiled_parent._render(context)
           ~~~~~~~~~~~~~~~~~~~~~~~^^^^^^^^^
  File "/Users/dev/Desktop/Project/venv/lib/python3.13/site-packages/django/template/base.py", line 163, in _render
    return self.nodelist.render(context)
           ~~~~~~~~~~~~~~~~~~~~^^^^^^^^^
  File "/Users/dev/Desktop/Project/venv/lib/python3.13/site-packages/django/template/base.py", line 1016, in render
    return SafeString("".join([node.render_annotated(context) for node in self]))
                               ~~~~~~~~~~~~~~~~~~~~~^^^^^^^^^
  File "/Users/dev/Desktop/Project/venv/lib/python3.13/site-packages/django/template/base.py", line 977, in render_annotated
    return self.render(context)
           ~~~~~~~~~~~^^^^^^^^^
  File "/Users/dev/Desktop/Project/venv/lib/python3.13/site-packages/django/template/loader_tags.py", line 65, in render
    result = block.nodelist.render(context)
  File "/Users/dev/Desktop/Project/venv/lib/python3.13/site-packages/django/template/base.py", line 1016, in render
    return SafeString("".join([node.render_annotated(context) for node in self]))
                               ~~~~~~~~~~~~~~~~~~~~~^^^^^^^^^
  File "/Users/dev/Desktop/Project/venv/lib/python3.13/site-packages/django/template/base.py", line 977, in render_annotated
    return self.render(context)
           ~~~~~~~~~~~^^^^^^^^^
  File "/Users/dev/Desktop/Project/venv/lib/python3.13/site-packages/django/template/defaulttags.py", line 327, in render
    return nodelist.render(context)
           ~~~~~~~~~~~~~~~^^^^^^^^^
  File "/Users/dev/Desktop/Project/venv/lib/python3.13/site-packages/django/template/base.py", line 1016, in render
    return SafeString("".join([node.render_annotated(context) for node in self]))
                               ~~~~~~~~~~~~~~~~~~~~~^^^^^^^^^
  File "/Users/dev/Desktop/Project/venv/lib/python3.13/site-packages/django/template/base.py", line 977, in render_annotated
    return self.render(context)
           ~~~~~~~~~~~^^^^^^^^^
  File "/Users/dev/Desktop/Project/venv/lib/python3.13/site-packages/django/template/defaulttags.py", line 243, in render
    nodelist.append(node.render_annotated(context))
                    ~~~~~~~~~~~~~~~~~~~~~^^^^^^^^^
  File "/Users/dev/Desktop/Project/venv/lib/python3.13/site-packages/django/template/base.py", line 977, in render_annotated
    return self.render(context)
           ~~~~~~~~~~~^^^^^^^^^
  File "/Users/dev/Desktop/Project/venv/lib/python3.13/site-packages/django/template/defaulttags.py", line 480, in render
    url = reverse(view_name, args=args, kwargs=kwargs, current_app=current_app)
  File "/Users/dev/Desktop/Project/venv/lib/python3.13/site-packages/django/urls/base.py", line 98, in reverse
    resolved_url = resolver._reverse_with_prefix(view, prefix, *args, **kwargs)
  File "/Users/dev/Desktop/Project/venv/lib/python3.13/site-packages/django/urls/resolvers.py", line 831, in _reverse_with_prefix
    raise NoReverseMatch(msg)
django.urls.exceptions.NoReverseMatch: Reverse for 'paper_detail' with arguments '(UUID('cc3f2e4d-ba9a-4af1-bb7e-eb1078393b23'),)' not found. 1 pattern(s) tried: ['paper/(?P<paper_id>[0-9]+)/\\Z']
Watching for file changes with StatReloader
Internal Server Error: /
Traceback (most recent call last):
  File "/Users/dev/Desktop/Project/venv/lib/python3.13/site-packages/django/core/handlers/exception.py", line 55, in inner
    response = get_response(request)
  File "/Users/dev/Desktop/Project/venv/lib/python3.13/site-packages/django/core/handlers/base.py", line 197, in _get_response
    response = wrapped_callback(request, *callback_args, **callback_kwargs)
  File "/Users/dev/Desktop/Project/reference_graph/views.py", line 20, in home
    return render(request, 'home.html', context)
  File "/Users/dev/Desktop/Project/venv/lib/python3.13/site-packages/django/shortcuts.py", line 25, in render
    content = loader.render_to_string(template_name, context, request, using=using)
  File "/Users/dev/Desktop/Project/venv/lib/python3.13/site-packages/django/template/loader.py", line 62, in render_to_string
    return template.render(context, request)
           ~~~~~~~~~~~~~~~^^^^^^^^^^^^^^^^^^
  File "/Users/dev/Desktop/Project/venv/lib/python3.13/site-packages/django/template/backends/django.py", line 107, in render
    return self.template.render(context)
           ~~~~~~~~~~~~~~~~~~~~^^^^^^^^^
  File "/Users/dev/Desktop/Project/venv/lib/python3.13/site-packages/django/template/base.py", line 171, in render
    return self._render(context)
           ~~~~~~~~~~~~^^^^^^^^^
  File "/Users/dev/Desktop/Project/venv/lib/python3.13/site-packages/django/template/base.py", line 163, in _render
    return self.nodelist.render(context)
           ~~~~~~~~~~~~~~~~~~~~^^^^^^^^^
  File "/Users/dev/Desktop/Project/venv/lib/python3.13/site-packages/django/template/base.py", line 1016, in render
    return SafeString("".join([node.render_annotated(context) for node in self]))
                               ~~~~~~~~~~~~~~~~~~~~~^^^^^^^^^
  File "/Users/dev/Desktop/Project/venv/lib/python3.13/site-packages/django/template/base.py", line 977, in render_annotated
    return self.render(context)
           ~~~~~~~~~~~^^^^^^^^^
  File "/Users/dev/Desktop/Project/venv/lib/python3.13/site-packages/django/template/loader_tags.py", line 159, in render
    return compiled_parent._render(context)
           ~~~~~~~~~~~~~~~~~~~~~~~^^^^^^^^^
  File "/Users/dev/Desktop/Project/venv/lib/python3.13/site-packages/django/template/base.py", line 163, in _render
    return self.nodelist.render(context)
           ~~~~~~~~~~~~~~~~~~~~^^^^^^^^^
  File "/Users/dev/Desktop/Project/venv/lib/python3.13/site-packages/django/template/base.py", line 1016, in render
    return SafeString("".join([node.render_annotated(context) for node in self]))
                               ~~~~~~~~~~~~~~~~~~~~~^^^^^^^^^
  File "/Users/dev/Desktop/Project/venv/lib/python3.13/site-packages/django/template/base.py", line 977, in render_annotated
    return self.render(context)
           ~~~~~~~~~~~^^^^^^^^^
  File "/Users/dev/Desktop/Project/venv/lib/python3.13/site-packages/django/template/loader_tags.py", line 65, in render
    result = block.nodelist.render(context)
  File "/Users/dev/Desktop/Project/venv/lib/python3.13/site-packages/django/template/base.py", line 1016, in render
    return SafeString("".join([node.render_annotated(context) for node in self]))
                               ~~~~~~~~~~~~~~~~~~~~~^^^^^^^^^
  File "/Users/dev/Desktop/Project/venv/lib/python3.13/site-packages/django/template/base.py", line 977, in render_annotated
    return self.render(context)
           ~~~~~~~~~~~^^^^^^^^^
  File "/Users/dev/Desktop/Project/venv/lib/python3.13/site-packages/django/template/defaulttags.py", line 327, in render
    return nodelist.render(context)
           ~~~~~~~~~~~~~~~^^^^^^^^^
  File "/Users/dev/Desktop/Project/venv/lib/python3.13/site-packages/django/template/base.py", line 1016, in render
    return SafeString("".join([node.render_annotated(context) for node in self]))
                               ~~~~~~~~~~~~~~~~~~~~~^^^^^^^^^
  File "/Users/dev/Desktop/Project/venv/lib/python3.13/site-packages/django/template/base.py", line 977, in render_annotated
    return self.render(context)
           ~~~~~~~~~~~^^^^^^^^^
  File "/Users/dev/Desktop/Project/venv/lib/python3.13/site-packages/django/template/defaulttags.py", line 243, in render
    nodelist.append(node.render_annotated(context))
                    ~~~~~~~~~~~~~~~~~~~~~^^^^^^^^^
  File "/Users/dev/Desktop/Project/venv/lib/python3.13/site-packages/django/template/base.py", line 977, in render_annotated
    return self.render(context)
           ~~~~~~~~~~~^^^^^^^^^
  File "/Users/dev/Desktop/Project/venv/lib/python3.13/site-packages/django/template/defaulttags.py", line 480, in render
    url = reverse(view_name, args=args, kwargs=kwargs, current_app=current_app)
  File "/Users/dev/Desktop/Project/venv/lib/python3.13/site-packages/django/urls/base.py", line 98, in reverse
    resolved_url = resolver._reverse_with_prefix(view, prefix, *args, **kwargs)
  File "/Users/dev/Desktop/Project/venv/lib/python3.13/site-packages/django/urls/resolvers.py", line 831, in _reverse_with_prefix
    raise NoReverseMatch(msg)
django.urls.exceptions.NoReverseMatch: Reverse for 'paper_detail' with arguments '(UUID('cc3f2e4d-ba9a-4af1-bb7e-eb1078393b23'),)' not found. 1 pattern(s) tried: ['paper/(?P<paper_id>[0-9]+)/\\Z']
/Users/dev/Desktop/Project/reference_graph/frontend_urls.py changed, reloading.
Watching for file changes with StatReloader
Watching for file changes with StatReloader
Watching for file changes with StatReloader
Not Found: /api/papers/statistics/
Not Found: /api/papers/graph-data/
Not Found: /api/papers/statistics/
Not Found: /paper/admin
Not Found: /api/papers/statistics/
Not Found: /api/papers/statistics/
Not Found: /api/papers/statistics/
Not Found: /api/papers/graph-data/
Not Found: /api/papers/graph-data/
Not Found: /api/papers/statistics/
Not Found: /api/papers/graph-data/
Watching for file changes with StatReloader
Not Found: /api/papers/statistics/
Not Found: /api/papers/statistics/
Not Found: /api/papers/graph-data/
Not Found: /api/papers/graph-data/
Not Found: /api/papers/statistics/
Not Found: /api/papers/statistics/
Not Found: /about/
Not Found: /api/papers/statistics/
Watching for file changes with StatReloader
Not Found: /api/papers/statistics/
Not Found: /api/papers/graph-data/
Not Found: /api/papers/graph-data/
Not Found: /api/papers/graph-data/
Not Found: /api/papers/statistics/
Internal Server Error: /paper/4bd13b55-23b2-4694-864d-68c9dab5a3ff/
Traceback (most recent call last):
  File "/Users/dev/Desktop/Project/venv/lib/python3.13/site-packages/django/template/base.py", line 890, in _resolve_lookup
    raise TypeError
TypeError

During handling of the above exception, another exception occurred:

Traceback (most recent call last):
  File "/Users/dev/Desktop/Project/venv/lib/python3.13/site-packages/django/core/handlers/exception.py", line 55, in inner
    response = get_response(request)
  File "/Users/dev/Desktop/Project/venv/lib/python3.13/site-packages/django/core/handlers/base.py", line 197, in _get_response
    response = wrapped_callback(request, *callback_args, **callback_kwargs)
  File "/Users/dev/Desktop/Project/reference_graph/views.py", line 43, in paper_detail
    return render(request, 'paper_detail.html', context)
  File "/Users/dev/Desktop/Project/venv/lib/python3.13/site-packages/django/shortcuts.py", line 25, in render
    content = loader.render_to_string(template_name, context, request, using=using)
  File "/Users/dev/Desktop/Project/venv/lib/python3.13/site-packages/django/template/loader.py", line 62, in render_to_string
    return template.render(context, request)
           ~~~~~~~~~~~~~~~^^^^^^^^^^^^^^^^^^
  File "/Users/dev/Desktop/Project/venv/lib/python3.13/site-packages/django/template/backends/django.py", line 107, in render
    return self.template.render(context)
           ~~~~~~~~~~~~~~~~~~~~^^^^^^^^^
  File "/Users/dev/Desktop/Project/venv/lib/python3.13/site-packages/django/template/base.py", line 171, in render
    return self._render(context)
           ~~~~~~~~~~~~^^^^^^^^^
  File "/Users/dev/Desktop/Project/venv/lib/python3.13/site-packages/django/template/base.py", line 163, in _render
    return self.nodelist.render(context)
           ~~~~~~~~~~~~~~~~~~~~^^^^^^^^^
  File "/Users/dev/Desktop/Project/venv/lib/python3.13/site-packages/django/template/base.py", line 1016, in render
    return SafeString("".join([node.render_annotated(context) for node in self]))
                               ~~~~~~~~~~~~~~~~~~~~~^^^^^^^^^
  File "/Users/dev/Desktop/Project/venv/lib/python3.13/site-packages/django/template/base.py", line 977, in render_annotated
    return self.render(context)
           ~~~~~~~~~~~^^^^^^^^^
  File "/Users/dev/Desktop/Project/venv/lib/python3.13/site-packages/django/template/loader_tags.py", line 159, in render
    return compiled_parent._render(context)
           ~~~~~~~~~~~~~~~~~~~~~~~^^^^^^^^^
  File "/Users/dev/Desktop/Project/venv/lib/python3.13/site-packages/django/template/base.py", line 163, in _render
    return self.nodelist.render(context)
           ~~~~~~~~~~~~~~~~~~~~^^^^^^^^^
  File "/Users/dev/Desktop/Project/venv/lib/python3.13/site-packages/django/template/base.py", line 1016, in render
    return SafeString("".join([node.render_annotated(context) for node in self]))
                               ~~~~~~~~~~~~~~~~~~~~~^^^^^^^^^
  File "/Users/dev/Desktop/Project/venv/lib/python3.13/site-packages/django/template/base.py", line 977, in render_annotated
    return self.render(context)
           ~~~~~~~~~~~^^^^^^^^^
  File "/Users/dev/Desktop/Project/venv/lib/python3.13/site-packages/django/template/loader_tags.py", line 65, in render
    result = block.nodelist.render(context)
  File "/Users/dev/Desktop/Project/venv/lib/python3.13/site-packages/django/template/base.py", line 1016, in render
    return SafeString("".join([node.render_annotated(context) for node in self]))
                               ~~~~~~~~~~~~~~~~~~~~~^^^^^^^^^
  File "/Users/dev/Desktop/Project/venv/lib/python3.13/site-packages/django/template/base.py", line 977, in render_annotated
    return self.render(context)
           ~~~~~~~~~~~^^^^^^^^^
  File "/Users/dev/Desktop/Project/venv/lib/python3.13/site-packages/django/template/base.py", line 1075, in render
    output = self.filter_expression.resolve(context)
  File "/Users/dev/Desktop/Project/venv/lib/python3.13/site-packages/django/template/base.py", line 722, in resolve
    obj = self.var.resolve(context)
  File "/Users/dev/Desktop/Project/venv/lib/python3.13/site-packages/django/template/base.py", line 854, in resolve
    value = self._resolve_lookup(context)
  File "/Users/dev/Desktop/Project/venv/lib/python3.13/site-packages/django/template/base.py", line 901, in _resolve_lookup
    current = getattr(current, bit)
  File "/Users/dev/Desktop/Project/venv/lib/python3.13/site-packages/django/db/models/fields/files.py", line 69, in url
    self._require_file()
    ~~~~~~~~~~~~~~~~~~^^
  File "/Users/dev/Desktop/Project/venv/lib/python3.13/site-packages/django/db/models/fields/files.py", line 44, in _require_file
    raise ValueError(
        "The '%s' attribute has no file associated with it." % self.field.name
    )
ValueError: The 'file' attribute has no file associated with it.
Watching for file changes with StatReloader
/Users/dev/Desktop/Project/reference_graph/frontend_urls.py changed, reloading.
Watching for file changes with StatReloader
Not Found: /api/papers/statistics/
Not Found: /api/papers/statistics/
Internal Server Error: /paper/58a8f190-440e-4b8a-83b9-43681afe54b5/
Traceback (most recent call last):
  File "/Users/dev/Desktop/Project/venv/lib/python3.13/site-packages/django/core/handlers/exception.py", line 55, in inner
    response = get_response(request)
  File "/Users/dev/Desktop/Project/venv/lib/python3.13/site-packages/django/core/handlers/base.py", line 197, in _get_response
    response = wrapped_callback(request, *callback_args, **callback_kwargs)
  File "/Users/dev/Desktop/Project/reference_graph/views.py", line 43, in paper_detail
    return render(request, 'paper_detail.html', context)
  File "/Users/dev/Desktop/Project/venv/lib/python3.13/site-packages/django/shortcuts.py", line 25, in render
    content = loader.render_to_string(template_name, context, request, using=using)
  File "/Users/dev/Desktop/Project/venv/lib/python3.13/site-packages/django/template/loader.py", line 62, in render_to_string
    return template.render(context, request)
           ~~~~~~~~~~~~~~~^^^^^^^^^^^^^^^^^^
  File "/Users/dev/Desktop/Project/venv/lib/python3.13/site-packages/django/template/backends/django.py", line 107, in render
    return self.template.render(context)
           ~~~~~~~~~~~~~~~~~~~~^^^^^^^^^
  File "/Users/dev/Desktop/Project/venv/lib/python3.13/site-packages/django/template/base.py", line 171, in render
    return self._render(context)
           ~~~~~~~~~~~~^^^^^^^^^
  File "/Users/dev/Desktop/Project/venv/lib/python3.13/site-packages/django/template/base.py", line 163, in _render
    return self.nodelist.render(context)
           ~~~~~~~~~~~~~~~~~~~~^^^^^^^^^
  File "/Users/dev/Desktop/Project/venv/lib/python3.13/site-packages/django/template/base.py", line 1016, in render
    return SafeString("".join([node.render_annotated(context) for node in self]))
                               ~~~~~~~~~~~~~~~~~~~~~^^^^^^^^^
  File "/Users/dev/Desktop/Project/venv/lib/python3.13/site-packages/django/template/base.py", line 977, in render_annotated
    return self.render(context)
           ~~~~~~~~~~~^^^^^^^^^
  File "/Users/dev/Desktop/Project/venv/lib/python3.13/site-packages/django/template/loader_tags.py", line 159, in render
    return compiled_parent._render(context)
           ~~~~~~~~~~~~~~~~~~~~~~~^^^^^^^^^
  File "/Users/dev/Desktop/Project/venv/lib/python3.13/site-packages/django/template/base.py", line 163, in _render
    return self.nodelist.render(context)
           ~~~~~~~~~~~~~~~~~~~~^^^^^^^^^
  File "/Users/dev/Desktop/Project/venv/lib/python3.13/site-packages/django/template/base.py", line 1016, in render
    return SafeString("".join([node.render_annotated(context) for node in self]))
                               ~~~~~~~~~~~~~~~~~~~~~^^^^^^^^^
  File "/Users/dev/Desktop/Project/venv/lib/python3.13/site-packages/django/template/base.py", line 977, in render_annotated
    return self.render(context)
           ~~~~~~~~~~~^^^^^^^^^
  File "/Users/dev/Desktop/Project/venv/lib/python3.13/site-packages/django/template/loader_tags.py", line 65, in render
    result = block.nodelist.render(context)
  File "/Users/dev/Desktop/Project/venv/lib/python3.13/site-packages/django/template/base.py", line 1016, in render
    return SafeString("".join([node.render_annotated(context) for node in self]))
                               ~~~~~~~~~~~~~~~~~~~~~^^^^^^^^^
  File "/Users/dev/Desktop/Project/venv/lib/python3.13/site-packages/django/template/base.py", line 977, in render_annotated
    return self.render(context)
           ~~~~~~~~~~~^^^^^^^^^
  File "/Users/dev/Desktop/Project/venv/lib/python3.13/site-packages/django/template/defaulttags.py", line 327, in render
    return nodelist.render(context)
           ~~~~~~~~~~~~~~~^^^^^^^^^
  File "/Users/dev/Desktop/Project/venv/lib/python3.13/site-packages/django/template/base.py", line 1016, in render
    return SafeString("".join([node.render_annotated(context) for node in self]))
                               ~~~~~~~~~~~~~~~~~~~~~^^^^^^^^^
  File "/Users/dev/Desktop/Project/venv/lib/python3.13/site-packages/django/template/base.py", line 977, in render_annotated
    return self.render(context)
           ~~~~~~~~~~~^^^^^^^^^
  File "/Users/dev/Desktop/Project/venv/lib/python3.13/site-packages/django/template/defaulttags.py", line 243, in render
    nodelist.append(node.render_annotated(context))
                    ~~~~~~~~~~~~~~~~~~~~~^^^^^^^^^
  File "/Users/dev/Desktop/Project/venv/lib/python3.13/site-packages/django/template/base.py", line 977, in render_annotated
    return self.render(context)
           ~~~~~~~~~~~^^^^^^^^^
  File "/Users/dev/Desktop/Project/venv/lib/python3.13/site-packages/django/template/defaulttags.py", line 480, in render
    url = reverse(view_name, args=args, kwargs=kwargs, current_app=current_app)
  File "/Users/dev/Desktop/Project/venv/lib/python3.13/site-packages/django/urls/base.py", line 98, in reverse
    resolved_url = resolver._reverse_with_prefix(view, prefix, *args, **kwargs)
  File "/Users/dev/Desktop/Project/venv/lib/python3.13/site-packages/django/urls/resolvers.py", line 831, in _reverse_with_prefix
    raise NoReverseMatch(msg)
django.urls.exceptions.NoReverseMatch: Reverse for 'paper_detail' with arguments '(9,)' not found. 1 pattern(s) tried: ['paper/(?P<paper_id>[0-9a-f]{8}-[0-9a-f]{4}-[0-9a-f]{4}-[0-9a-f]{4}-[0-9a-f]{12})/\\Z']
Internal Server Error: /paper/89f0c113-75e3-4e48-adc4-4d68da7064bd/
Traceback (most recent call last):
  File "/Users/dev/Desktop/Project/venv/lib/python3.13/site-packages/django/core/handlers/exception.py", line 55, in inner
    response = get_response(request)
  File "/Users/dev/Desktop/Project/venv/lib/python3.13/site-packages/django/core/handlers/base.py", line 197, in _get_response
    response = wrapped_callback(request, *callback_args, **callback_kwargs)
  File "/Users/dev/Desktop/Project/reference_graph/views.py", line 43, in paper_detail
    return render(request, 'paper_detail.html', context)
  File "/Users/dev/Desktop/Project/venv/lib/python3.13/site-packages/django/shortcuts.py", line 25, in render
    content = loader.render_to_string(template_name, context, request, using=using)
  File "/Users/dev/Desktop/Project/venv/lib/python3.13/site-packages/django/template/loader.py", line 62, in render_to_string
    return template.render(context, request)
           ~~~~~~~~~~~~~~~^^^^^^^^^^^^^^^^^^
  File "/Users/dev/Desktop/Project/venv/lib/python3.13/site-packages/django/template/backends/django.py", line 107, in render
    return self.template.render(context)
           ~~~~~~~~~~~~~~~~~~~~^^^^^^^^^
  File "/Users/dev/Desktop/Project/venv/lib/python3.13/site-packages/django/template/base.py", line 171, in render
    return self._render(context)
           ~~~~~~~~~~~~^^^^^^^^^
  File "/Users/dev/Desktop/Project/venv/lib/python3.13/site-packages/django/template/base.py", line 163, in _render
    return self.nodelist.render(context)
           ~~~~~~~~~~~~~~~~~~~~^^^^^^^^^
  File "/Users/dev/Desktop/Project/venv/lib/python3.13/site-packages/django/template/base.py", line 1016, in render
    return SafeString("".join([node.render_annotated(context) for node in self]))
                               ~~~~~~~~~~~~~~~~~~~~~^^^^^^^^^
  File "/Users/dev/Desktop/Project/venv/lib/python3.13/site-packages/django/template/base.py", line 977, in render_annotated
    return self.render(context)
           ~~~~~~~~~~~^^^^^^^^^
  File "/Users/dev/Desktop/Project/venv/lib/python3.13/site-packages/django/template/loader_tags.py", line 159, in render
    return compiled_parent._render(context)
           ~~~~~~~~~~~~~~~~~~~~~~~^^^^^^^^^
  File "/Users/dev/Desktop/Project/venv/lib/python3.13/site-packages/django/template/base.py", line 163, in _render
    return self.nodelist.render(context)
           ~~~~~~~~~~~~~~~~~~~~^^^^^^^^^
  File "/Users/dev/Desktop/Project/venv/lib/python3.13/site-packages/django/template/base.py", line 1016, in render
    return SafeString("".join([node.render_annotated(context) for node in self]))
                               ~~~~~~~~~~~~~~~~~~~~~^^^^^^^^^
  File "/Users/dev/Desktop/Project/venv/lib/python3.13/site-packages/django/template/base.py", line 977, in render_annotated
    return self.render(context)
           ~~~~~~~~~~~^^^^^^^^^
  File "/Users/dev/Desktop/Project/venv/lib/python3.13/site-packages/django/template/loader_tags.py", line 65, in render
    result = block.nodelist.render(context)
  File "/Users/dev/Desktop/Project/venv/lib/python3.13/site-packages/django/template/base.py", line 1016, in render
    return SafeString("".join([node.render_annotated(context) for node in self]))
                               ~~~~~~~~~~~~~~~~~~~~~^^^^^^^^^
  File "/Users/dev/Desktop/Project/venv/lib/python3.13/site-packages/django/template/base.py", line 977, in render_annotated
    return self.render(context)
           ~~~~~~~~~~~^^^^^^^^^
  File "/Users/dev/Desktop/Project/venv/lib/python3.13/site-packages/django/template/defaulttags.py", line 327, in render
    return nodelist.render(context)
           ~~~~~~~~~~~~~~~^^^^^^^^^
  File "/Users/dev/Desktop/Project/venv/lib/python3.13/site-packages/django/template/base.py", line 1016, in render
    return SafeString("".join([node.render_annotated(context) for node in self]))
                               ~~~~~~~~~~~~~~~~~~~~~^^^^^^^^^
  File "/Users/dev/Desktop/Project/venv/lib/python3.13/site-packages/django/template/base.py", line 977, in render_annotated
    return self.render(context)
           ~~~~~~~~~~~^^^^^^^^^
  File "/Users/dev/Desktop/Project/venv/lib/python3.13/site-packages/django/template/defaulttags.py", line 243, in render
    nodelist.append(node.render_annotated(context))
                    ~~~~~~~~~~~~~~~~~~~~~^^^^^^^^^
  File "/Users/dev/Desktop/Project/venv/lib/python3.13/site-packages/django/template/base.py", line 977, in render_annotated
    return self.render(context)
           ~~~~~~~~~~~^^^^^^^^^
  File "/Users/dev/Desktop/Project/venv/lib/python3.13/site-packages/django/template/defaulttags.py", line 480, in render
    url = reverse(view_name, args=args, kwargs=kwargs, current_app=current_app)
  File "/Users/dev/Desktop/Project/venv/lib/python3.13/site-packages/django/urls/base.py", line 98, in reverse
    resolved_url = resolver._reverse_with_prefix(view, prefix, *args, **kwargs)
  File "/Users/dev/Desktop/Project/venv/lib/python3.13/site-packages/django/urls/resolvers.py", line 831, in _reverse_with_prefix
    raise NoReverseMatch(msg)
django.urls.exceptions.NoReverseMatch: Reverse for 'paper_detail' with arguments '(8,)' not found. 1 pattern(s) tried: ['paper/(?P<paper_id>[0-9a-f]{8}-[0-9a-f]{4}-[0-9a-f]{4}-[0-9a-f]{4}-[0-9a-f]{12})/\\Z']
Not Found: /api/papers/graph-data/
Internal Server Error: /paper/5ab17baf-ecae-40e2-b9b8-7410d2261ffb/
Traceback (most recent call last):
  File "/Users/dev/Desktop/Project/venv/lib/python3.13/site-packages/django/core/handlers/exception.py", line 55, in inner
    response = get_response(request)
  File "/Users/dev/Desktop/Project/venv/lib/python3.13/site-packages/django/core/handlers/base.py", line 197, in _get_response
    response = wrapped_callback(request, *callback_args, **callback_kwargs)
  File "/Users/dev/Desktop/Project/reference_graph/views.py", line 43, in paper_detail
    return render(request, 'paper_detail.html', context)
  File "/Users/dev/Desktop/Project/venv/lib/python3.13/site-packages/django/shortcuts.py", line 25, in render
    content = loader.render_to_string(template_name, context, request, using=using)
  File "/Users/dev/Desktop/Project/venv/lib/python3.13/site-packages/django/template/loader.py", line 62, in render_to_string
    return template.render(context, request)
           ~~~~~~~~~~~~~~~^^^^^^^^^^^^^^^^^^
  File "/Users/dev/Desktop/Project/venv/lib/python3.13/site-packages/django/template/backends/django.py", line 107, in render
    return self.template.render(context)
           ~~~~~~~~~~~~~~~~~~~~^^^^^^^^^
  File "/Users/dev/Desktop/Project/venv/lib/python3.13/site-packages/django/template/base.py", line 171, in render
    return self._render(context)
           ~~~~~~~~~~~~^^^^^^^^^
  File "/Users/dev/Desktop/Project/venv/lib/python3.13/site-packages/django/template/base.py", line 163, in _render
    return self.nodelist.render(context)
           ~~~~~~~~~~~~~~~~~~~~^^^^^^^^^
  File "/Users/dev/Desktop/Project/venv/lib/python3.13/site-packages/django/template/base.py", line 1016, in render
    return SafeString("".join([node.render_annotated(context) for node in self]))
                               ~~~~~~~~~~~~~~~~~~~~~^^^^^^^^^
  File "/Users/dev/Desktop/Project/venv/lib/python3.13/site-packages/django/template/base.py", line 977, in render_annotated
    return self.render(context)
           ~~~~~~~~~~~^^^^^^^^^
  File "/Users/dev/Desktop/Project/venv/lib/python3.13/site-packages/django/template/loader_tags.py", line 159, in render
    return compiled_parent._render(context)
           ~~~~~~~~~~~~~~~~~~~~~~~^^^^^^^^^
  File "/Users/dev/Desktop/Project/venv/lib/python3.13/site-packages/django/template/base.py", line 163, in _render
    return self.nodelist.render(context)
           ~~~~~~~~~~~~~~~~~~~~^^^^^^^^^
  File "/Users/dev/Desktop/Project/venv/lib/python3.13/site-packages/django/template/base.py", line 1016, in render
    return SafeString("".join([node.render_annotated(context) for node in self]))
                               ~~~~~~~~~~~~~~~~~~~~~^^^^^^^^^
  File "/Users/dev/Desktop/Project/venv/lib/python3.13/site-packages/django/template/base.py", line 977, in render_annotated
    return self.render(context)
           ~~~~~~~~~~~^^^^^^^^^
  File "/Users/dev/Desktop/Project/venv/lib/python3.13/site-packages/django/template/loader_tags.py", line 65, in render
    result = block.nodelist.render(context)
  File "/Users/dev/Desktop/Project/venv/lib/python3.13/site-packages/django/template/base.py", line 1016, in render
    return SafeString("".join([node.render_annotated(context) for node in self]))
                               ~~~~~~~~~~~~~~~~~~~~~^^^^^^^^^
  File "/Users/dev/Desktop/Project/venv/lib/python3.13/site-packages/django/template/base.py", line 977, in render_annotated
    return self.render(context)
           ~~~~~~~~~~~^^^^^^^^^
  File "/Users/dev/Desktop/Project/venv/lib/python3.13/site-packages/django/template/defaulttags.py", line 327, in render
    return nodelist.render(context)
           ~~~~~~~~~~~~~~~^^^^^^^^^
  File "/Users/dev/Desktop/Project/venv/lib/python3.13/site-packages/django/template/base.py", line 1016, in render
    return SafeString("".join([node.render_annotated(context) for node in self]))
                               ~~~~~~~~~~~~~~~~~~~~~^^^^^^^^^
  File "/Users/dev/Desktop/Project/venv/lib/python3.13/site-packages/django/template/base.py", line 977, in render_annotated
    return self.render(context)
           ~~~~~~~~~~~^^^^^^^^^
  File "/Users/dev/Desktop/Project/venv/lib/python3.13/site-packages/django/template/defaulttags.py", line 243, in render
    nodelist.append(node.render_annotated(context))
                    ~~~~~~~~~~~~~~~~~~~~~^^^^^^^^^
  File "/Users/dev/Desktop/Project/venv/lib/python3.13/site-packages/django/template/base.py", line 977, in render_annotated
    return self.render(context)
           ~~~~~~~~~~~^^^^^^^^^
  File "/Users/dev/Desktop/Project/venv/lib/python3.13/site-packages/django/template/defaulttags.py", line 480, in render
    url = reverse(view_name, args=args, kwargs=kwargs, current_app=current_app)
  File "/Users/dev/Desktop/Project/venv/lib/python3.13/site-packages/django/urls/base.py", line 98, in reverse
    resolved_url = resolver._reverse_with_prefix(view, prefix, *args, **kwargs)
  File "/Users/dev/Desktop/Project/venv/lib/python3.13/site-packages/django/urls/resolvers.py", line 831, in _reverse_with_prefix
    raise NoReverseMatch(msg)
django.urls.exceptions.NoReverseMatch: Reverse for 'paper_detail' with arguments '(1,)' not found. 1 pattern(s) tried: ['paper/(?P<paper_id>[0-9a-f]{8}-[0-9a-f]{4}-[0-9a-f]{4}-[0-9a-f]{4}-[0-9a-f]{12})/\\Z']
Watching for file changes with StatReloader
Not Found: /api/papers/statistics/
Internal Server Error: /paper/4bd13b55-23b2-4694-864d-68c9dab5a3ff/
Traceback (most recent call last):
  File "/Users/dev/Desktop/Project/venv/lib/python3.13/site-packages/django/core/handlers/exception.py", line 55, in inner
    response = get_response(request)
  File "/Users/dev/Desktop/Project/venv/lib/python3.13/site-packages/django/core/handlers/base.py", line 197, in _get_response
    response = wrapped_callback(request, *callback_args, **callback_kwargs)
  File "/Users/dev/Desktop/Project/reference_graph/views.py", line 43, in paper_detail
    return render(request, 'paper_detail.html', context)
  File "/Users/dev/Desktop/Project/venv/lib/python3.13/site-packages/django/shortcuts.py", line 25, in render
    content = loader.render_to_string(template_name, context, request, using=using)
  File "/Users/dev/Desktop/Project/venv/lib/python3.13/site-packages/django/template/loader.py", line 62, in render_to_string
    return template.render(context, request)
           ~~~~~~~~~~~~~~~^^^^^^^^^^^^^^^^^^
  File "/Users/dev/Desktop/Project/venv/lib/python3.13/site-packages/django/template/backends/django.py", line 107, in render
    return self.template.render(context)
           ~~~~~~~~~~~~~~~~~~~~^^^^^^^^^
  File "/Users/dev/Desktop/Project/venv/lib/python3.13/site-packages/django/template/base.py", line 171, in render
    return self._render(context)
           ~~~~~~~~~~~~^^^^^^^^^
  File "/Users/dev/Desktop/Project/venv/lib/python3.13/site-packages/django/template/base.py", line 163, in _render
    return self.nodelist.render(context)
           ~~~~~~~~~~~~~~~~~~~~^^^^^^^^^
  File "/Users/dev/Desktop/Project/venv/lib/python3.13/site-packages/django/template/base.py", line 1016, in render
    return SafeString("".join([node.render_annotated(context) for node in self]))
                               ~~~~~~~~~~~~~~~~~~~~~^^^^^^^^^
  File "/Users/dev/Desktop/Project/venv/lib/python3.13/site-packages/django/template/base.py", line 977, in render_annotated
    return self.render(context)
           ~~~~~~~~~~~^^^^^^^^^
  File "/Users/dev/Desktop/Project/venv/lib/python3.13/site-packages/django/template/loader_tags.py", line 159, in render
    return compiled_parent._render(context)
           ~~~~~~~~~~~~~~~~~~~~~~~^^^^^^^^^
  File "/Users/dev/Desktop/Project/venv/lib/python3.13/site-packages/django/template/base.py", line 163, in _render
    return self.nodelist.render(context)
           ~~~~~~~~~~~~~~~~~~~~^^^^^^^^^
  File "/Users/dev/Desktop/Project/venv/lib/python3.13/site-packages/django/template/base.py", line 1016, in render
    return SafeString("".join([node.render_annotated(context) for node in self]))
                               ~~~~~~~~~~~~~~~~~~~~~^^^^^^^^^
  File "/Users/dev/Desktop/Project/venv/lib/python3.13/site-packages/django/template/base.py", line 977, in render_annotated
    return self.render(context)
           ~~~~~~~~~~~^^^^^^^^^
  File "/Users/dev/Desktop/Project/venv/lib/python3.13/site-packages/django/template/loader_tags.py", line 65, in render
    result = block.nodelist.render(context)
  File "/Users/dev/Desktop/Project/venv/lib/python3.13/site-packages/django/template/base.py", line 1016, in render
    return SafeString("".join([node.render_annotated(context) for node in self]))
                               ~~~~~~~~~~~~~~~~~~~~~^^^^^^^^^
  File "/Users/dev/Desktop/Project/venv/lib/python3.13/site-packages/django/template/base.py", line 977, in render_annotated
    return self.render(context)
           ~~~~~~~~~~~^^^^^^^^^
  File "/Users/dev/Desktop/Project/venv/lib/python3.13/site-packages/django/template/defaulttags.py", line 327, in render
    return nodelist.render(context)
           ~~~~~~~~~~~~~~~^^^^^^^^^
  File "/Users/dev/Desktop/Project/venv/lib/python3.13/site-packages/django/template/base.py", line 1016, in render
    return SafeString("".join([node.render_annotated(context) for node in self]))
                               ~~~~~~~~~~~~~~~~~~~~~^^^^^^^^^
  File "/Users/dev/Desktop/Project/venv/lib/python3.13/site-packages/django/template/base.py", line 977, in render_annotated
    return self.render(context)
           ~~~~~~~~~~~^^^^^^^^^
  File "/Users/dev/Desktop/Project/venv/lib/python3.13/site-packages/django/template/defaulttags.py", line 243, in render
    nodelist.append(node.render_annotated(context))
                    ~~~~~~~~~~~~~~~~~~~~~^^^^^^^^^
  File "/Users/dev/Desktop/Project/venv/lib/python3.13/site-packages/django/template/base.py", line 977, in render_annotated
    return self.render(context)
           ~~~~~~~~~~~^^^^^^^^^
  File "/Users/dev/Desktop/Project/venv/lib/python3.13/site-packages/django/template/defaulttags.py", line 327, in render
    return nodelist.render(context)
           ~~~~~~~~~~~~~~~^^^^^^^^^
  File "/Users/dev/Desktop/Project/venv/lib/python3.13/site-packages/django/template/base.py", line 1016, in render
    return SafeString("".join([node.render_annotated(context) for node in self]))
                               ~~~~~~~~~~~~~~~~~~~~~^^^^^^^^^
  File "/Users/dev/Desktop/Project/venv/lib/python3.13/site-packages/django/template/base.py", line 977, in render_annotated
    return self.render(context)
           ~~~~~~~~~~~^^^^^^^^^
  File "/Users/dev/Desktop/Project/venv/lib/python3.13/site-packages/django/template/defaulttags.py", line 480, in render
    url = reverse(view_name, args=args, kwargs=kwargs, current_app=current_app)
  File "/Users/dev/Desktop/Project/venv/lib/python3.13/site-packages/django/urls/base.py", line 98, in reverse
    resolved_url = resolver._reverse_with_prefix(view, prefix, *args, **kwargs)
  File "/Users/dev/Desktop/Project/venv/lib/python3.13/site-packages/django/urls/resolvers.py", line 831, in _reverse_with_prefix
    raise NoReverseMatch(msg)
django.urls.exceptions.NoReverseMatch: Reverse for 'paper_detail' with arguments '(7,)' not found. 1 pattern(s) tried: ['paper/(?P<paper_id>[0-9a-f]{8}-[0-9a-f]{4}-[0-9a-f]{4}-[0-9a-f]{4}-[0-9a-f]{12})/\\Z']
Internal Server Error: /paper/4bd13b55-23b2-4694-864d-68c9dab5a3ff/
Traceback (most recent call last):
  File "/Users/dev/Desktop/Project/venv/lib/python3.13/site-packages/django/core/handlers/exception.py", line 55, in inner
    response = get_response(request)
  File "/Users/dev/Desktop/Project/venv/lib/python3.13/site-packages/django/core/handlers/base.py", line 197, in _get_response
    response = wrapped_callback(request, *callback_args, **callback_kwargs)
  File "/Users/dev/Desktop/Project/reference_graph/views.py", line 43, in paper_detail
    return render(request, 'paper_detail.html', context)
  File "/Users/dev/Desktop/Project/venv/lib/python3.13/site-packages/django/shortcuts.py", line 25, in render
    content = loader.render_to_string(template_name, context, request, using=using)
  File "/Users/dev/Desktop/Project/venv/lib/python3.13/site-packages/django/template/loader.py", line 62, in render_to_string
    return template.render(context, request)
           ~~~~~~~~~~~~~~~^^^^^^^^^^^^^^^^^^
  File "/Users/dev/Desktop/Project/venv/lib/python3.13/site-packages/django/template/backends/django.py", line 107, in render
    return self.template.render(context)
           ~~~~~~~~~~~~~~~~~~~~^^^^^^^^^
  File "/Users/dev/Desktop/Project/venv/lib/python3.13/site-packages/django/template/base.py", line 171, in render
    return self._render(context)
           ~~~~~~~~~~~~^^^^^^^^^
  File "/Users/dev/Desktop/Project/venv/lib/python3.13/site-packages/django/template/base.py", line 163, in _render
    return self.nodelist.render(context)
           ~~~~~~~~~~~~~~~~~~~~^^^^^^^^^
  File "/Users/dev/Desktop/Project/venv/lib/python3.13/site-packages/django/template/base.py", line 1016, in render
    return SafeString("".join([node.render_annotated(context) for node in self]))
                               ~~~~~~~~~~~~~~~~~~~~~^^^^^^^^^
  File "/Users/dev/Desktop/Project/venv/lib/python3.13/site-packages/django/template/base.py", line 977, in render_annotated
    return self.render(context)
           ~~~~~~~~~~~^^^^^^^^^
  File "/Users/dev/Desktop/Project/venv/lib/python3.13/site-packages/django/template/loader_tags.py", line 159, in render
    return compiled_parent._render(context)
           ~~~~~~~~~~~~~~~~~~~~~~~^^^^^^^^^
  File "/Users/dev/Desktop/Project/venv/lib/python3.13/site-packages/django/template/base.py", line 163, in _render
    return self.nodelist.render(context)
           ~~~~~~~~~~~~~~~~~~~~^^^^^^^^^
  File "/Users/dev/Desktop/Project/venv/lib/python3.13/site-packages/django/template/base.py", line 1016, in render
    return SafeString("".join([node.render_annotated(context) for node in self]))
                               ~~~~~~~~~~~~~~~~~~~~~^^^^^^^^^
  File "/Users/dev/Desktop/Project/venv/lib/python3.13/site-packages/django/template/base.py", line 977, in render_annotated
    return self.render(context)
           ~~~~~~~~~~~^^^^^^^^^
  File "/Users/dev/Desktop/Project/venv/lib/python3.13/site-packages/django/template/loader_tags.py", line 65, in render
    result = block.nodelist.render(context)
  File "/Users/dev/Desktop/Project/venv/lib/python3.13/site-packages/django/template/base.py", line 1016, in render
    return SafeString("".join([node.render_annotated(context) for node in self]))
                               ~~~~~~~~~~~~~~~~~~~~~^^^^^^^^^
  File "/Users/dev/Desktop/Project/venv/lib/python3.13/site-packages/django/template/base.py", line 977, in render_annotated
    return self.render(context)
           ~~~~~~~~~~~^^^^^^^^^
  File "/Users/dev/Desktop/Project/venv/lib/python3.13/site-packages/django/template/defaulttags.py", line 327, in render
    return nodelist.render(context)
           ~~~~~~~~~~~~~~~^^^^^^^^^
  File "/Users/dev/Desktop/Project/venv/lib/python3.13/site-packages/django/template/base.py", line 1016, in render
    return SafeString("".join([node.render_annotated(context) for node in self]))
                               ~~~~~~~~~~~~~~~~~~~~~^^^^^^^^^
  File "/Users/dev/Desktop/Project/venv/lib/python3.13/site-packages/django/template/base.py", line 977, in render_annotated
    return self.render(context)
           ~~~~~~~~~~~^^^^^^^^^
  File "/Users/dev/Desktop/Project/venv/lib/python3.13/site-packages/django/template/defaulttags.py", line 243, in render
    nodelist.append(node.render_annotated(context))
                    ~~~~~~~~~~~~~~~~~~~~~^^^^^^^^^
  File "/Users/dev/Desktop/Project/venv/lib/python3.13/site-packages/django/template/base.py", line 977, in render_annotated
    return self.render(context)
           ~~~~~~~~~~~^^^^^^^^^
  File "/Users/dev/Desktop/Project/venv/lib/python3.13/site-packages/django/template/defaulttags.py", line 327, in render
    return nodelist.render(context)
           ~~~~~~~~~~~~~~~^^^^^^^^^
  File "/Users/dev/Desktop/Project/venv/lib/python3.13/site-packages/django/template/base.py", line 1016, in render
    return SafeString("".join([node.render_annotated(context) for node in self]))
                               ~~~~~~~~~~~~~~~~~~~~~^^^^^^^^^
  File "/Users/dev/Desktop/Project/venv/lib/python3.13/site-packages/django/template/base.py", line 977, in render_annotated
    return self.render(context)
           ~~~~~~~~~~~^^^^^^^^^
  File "/Users/dev/Desktop/Project/venv/lib/python3.13/site-packages/django/template/defaulttags.py", line 480, in render
    url = reverse(view_name, args=args, kwargs=kwargs, current_app=current_app)
  File "/Users/dev/Desktop/Project/venv/lib/python3.13/site-packages/django/urls/base.py", line 98, in reverse
    resolved_url = resolver._reverse_with_prefix(view, prefix, *args, **kwargs)
  File "/Users/dev/Desktop/Project/venv/lib/python3.13/site-packages/django/urls/resolvers.py", line 831, in _reverse_with_prefix
    raise NoReverseMatch(msg)
django.urls.exceptions.NoReverseMatch: Reverse for 'paper_detail' with arguments '(7,)' not found. 1 pattern(s) tried: ['paper/(?P<paper_id>[0-9a-f]{8}-[0-9a-f]{4}-[0-9a-f]{4}-[0-9a-f]{4}-[0-9a-f]{12})/\\Z']
Internal Server Error: /paper/f30c1142-65d8-4554-aa92-aff004419774/
Traceback (most recent call last):
  File "/Users/dev/Desktop/Project/venv/lib/python3.13/site-packages/django/core/handlers/exception.py", line 55, in inner
    response = get_response(request)
  File "/Users/dev/Desktop/Project/venv/lib/python3.13/site-packages/django/core/handlers/base.py", line 197, in _get_response
    response = wrapped_callback(request, *callback_args, **callback_kwargs)
  File "/Users/dev/Desktop/Project/reference_graph/views.py", line 43, in paper_detail
    return render(request, 'paper_detail.html', context)
  File "/Users/dev/Desktop/Project/venv/lib/python3.13/site-packages/django/shortcuts.py", line 25, in render
    content = loader.render_to_string(template_name, context, request, using=using)
  File "/Users/dev/Desktop/Project/venv/lib/python3.13/site-packages/django/template/loader.py", line 62, in render_to_string
    return template.render(context, request)
           ~~~~~~~~~~~~~~~^^^^^^^^^^^^^^^^^^
  File "/Users/dev/Desktop/Project/venv/lib/python3.13/site-packages/django/template/backends/django.py", line 107, in render
    return self.template.render(context)
           ~~~~~~~~~~~~~~~~~~~~^^^^^^^^^
  File "/Users/dev/Desktop/Project/venv/lib/python3.13/site-packages/django/template/base.py", line 171, in render
    return self._render(context)
           ~~~~~~~~~~~~^^^^^^^^^
  File "/Users/dev/Desktop/Project/venv/lib/python3.13/site-packages/django/template/base.py", line 163, in _render
    return self.nodelist.render(context)
           ~~~~~~~~~~~~~~~~~~~~^^^^^^^^^
  File "/Users/dev/Desktop/Project/venv/lib/python3.13/site-packages/django/template/base.py", line 1016, in render
    return SafeString("".join([node.render_annotated(context) for node in self]))
                               ~~~~~~~~~~~~~~~~~~~~~^^^^^^^^^
  File "/Users/dev/Desktop/Project/venv/lib/python3.13/site-packages/django/template/base.py", line 977, in render_annotated
    return self.render(context)
           ~~~~~~~~~~~^^^^^^^^^
  File "/Users/dev/Desktop/Project/venv/lib/python3.13/site-packages/django/template/loader_tags.py", line 159, in render
    return compiled_parent._render(context)
           ~~~~~~~~~~~~~~~~~~~~~~~^^^^^^^^^
  File "/Users/dev/Desktop/Project/venv/lib/python3.13/site-packages/django/template/base.py", line 163, in _render
    return self.nodelist.render(context)
           ~~~~~~~~~~~~~~~~~~~~^^^^^^^^^
  File "/Users/dev/Desktop/Project/venv/lib/python3.13/site-packages/django/template/base.py", line 1016, in render
    return SafeString("".join([node.render_annotated(context) for node in self]))
                               ~~~~~~~~~~~~~~~~~~~~~^^^^^^^^^
  File "/Users/dev/Desktop/Project/venv/lib/python3.13/site-packages/django/template/base.py", line 977, in render_annotated
    return self.render(context)
           ~~~~~~~~~~~^^^^^^^^^
  File "/Users/dev/Desktop/Project/venv/lib/python3.13/site-packages/django/template/loader_tags.py", line 65, in render
    result = block.nodelist.render(context)
  File "/Users/dev/Desktop/Project/venv/lib/python3.13/site-packages/django/template/base.py", line 1016, in render
    return SafeString("".join([node.render_annotated(context) for node in self]))
                               ~~~~~~~~~~~~~~~~~~~~~^^^^^^^^^
  File "/Users/dev/Desktop/Project/venv/lib/python3.13/site-packages/django/template/base.py", line 977, in render_annotated
    return self.render(context)
           ~~~~~~~~~~~^^^^^^^^^
  File "/Users/dev/Desktop/Project/venv/lib/python3.13/site-packages/django/template/defaulttags.py", line 327, in render
    return nodelist.render(context)
           ~~~~~~~~~~~~~~~^^^^^^^^^
  File "/Users/dev/Desktop/Project/venv/lib/python3.13/site-packages/django/template/base.py", line 1016, in render
    return SafeString("".join([node.render_annotated(context) for node in self]))
                               ~~~~~~~~~~~~~~~~~~~~~^^^^^^^^^
  File "/Users/dev/Desktop/Project/venv/lib/python3.13/site-packages/django/template/base.py", line 977, in render_annotated
    return self.render(context)
           ~~~~~~~~~~~^^^^^^^^^
  File "/Users/dev/Desktop/Project/venv/lib/python3.13/site-packages/django/template/defaulttags.py", line 243, in render
    nodelist.append(node.render_annotated(context))
                    ~~~~~~~~~~~~~~~~~~~~~^^^^^^^^^
  File "/Users/dev/Desktop/Project/venv/lib/python3.13/site-packages/django/template/base.py", line 977, in render_annotated
    return self.render(context)
           ~~~~~~~~~~~^^^^^^^^^
  File "/Users/dev/Desktop/Project/venv/lib/python3.13/site-packages/django/template/defaulttags.py", line 327, in render
    return nodelist.render(context)
           ~~~~~~~~~~~~~~~^^^^^^^^^
  File "/Users/dev/Desktop/Project/venv/lib/python3.13/site-packages/django/template/base.py", line 1016, in render
    return SafeString("".join([node.render_annotated(context) for node in self]))
                               ~~~~~~~~~~~~~~~~~~~~~^^^^^^^^^
  File "/Users/dev/Desktop/Project/venv/lib/python3.13/site-packages/django/template/base.py", line 977, in render_annotated
    return self.render(context)
           ~~~~~~~~~~~^^^^^^^^^
  File "/Users/dev/Desktop/Project/venv/lib/python3.13/site-packages/django/template/defaulttags.py", line 480, in render
    url = reverse(view_name, args=args, kwargs=kwargs, current_app=current_app)
  File "/Users/dev/Desktop/Project/venv/lib/python3.13/site-packages/django/urls/base.py", line 98, in reverse
    resolved_url = resolver._reverse_with_prefix(view, prefix, *args, **kwargs)
  File "/Users/dev/Desktop/Project/venv/lib/python3.13/site-packages/django/urls/resolvers.py", line 831, in _reverse_with_prefix
    raise NoReverseMatch(msg)
django.urls.exceptions.NoReverseMatch: Reverse for 'paper_detail' with arguments '(2,)' not found. 1 pattern(s) tried: ['paper/(?P<paper_id>[0-9a-f]{8}-[0-9a-f]{4}-[0-9a-f]{4}-[0-9a-f]{4}-[0-9a-f]{12})/\\Z']
Watching for file changes with StatReloader
Not Found: /api/papers/statistics/
Internal Server Error: /paper/10f50524-9d20-42fc-b189-8706000434d2/
Traceback (most recent call last):
  File "/Users/dev/Desktop/Project/venv/lib/python3.13/site-packages/django/core/handlers/exception.py", line 55, in inner
    response = get_response(request)
  File "/Users/dev/Desktop/Project/venv/lib/python3.13/site-packages/django/core/handlers/base.py", line 197, in _get_response
    response = wrapped_callback(request, *callback_args, **callback_kwargs)
  File "/Users/dev/Desktop/Project/reference_graph/views.py", line 43, in paper_detail
    return render(request, 'paper_detail.html', context)
  File "/Users/dev/Desktop/Project/venv/lib/python3.13/site-packages/django/shortcuts.py", line 25, in render
    content = loader.render_to_string(template_name, context, request, using=using)
  File "/Users/dev/Desktop/Project/venv/lib/python3.13/site-packages/django/template/loader.py", line 62, in render_to_string
    return template.render(context, request)
           ~~~~~~~~~~~~~~~^^^^^^^^^^^^^^^^^^
  File "/Users/dev/Desktop/Project/venv/lib/python3.13/site-packages/django/template/backends/django.py", line 107, in render
    return self.template.render(context)
           ~~~~~~~~~~~~~~~~~~~~^^^^^^^^^
  File "/Users/dev/Desktop/Project/venv/lib/python3.13/site-packages/django/template/base.py", line 171, in render
    return self._render(context)
           ~~~~~~~~~~~~^^^^^^^^^
  File "/Users/dev/Desktop/Project/venv/lib/python3.13/site-packages/django/template/base.py", line 163, in _render
    return self.nodelist.render(context)
           ~~~~~~~~~~~~~~~~~~~~^^^^^^^^^
  File "/Users/dev/Desktop/Project/venv/lib/python3.13/site-packages/django/template/base.py", line 1016, in render
    return SafeString("".join([node.render_annotated(context) for node in self]))
                               ~~~~~~~~~~~~~~~~~~~~~^^^^^^^^^
  File "/Users/dev/Desktop/Project/venv/lib/python3.13/site-packages/django/template/base.py", line 977, in render_annotated
    return self.render(context)
           ~~~~~~~~~~~^^^^^^^^^
  File "/Users/dev/Desktop/Project/venv/lib/python3.13/site-packages/django/template/loader_tags.py", line 159, in render
    return compiled_parent._render(context)
           ~~~~~~~~~~~~~~~~~~~~~~~^^^^^^^^^
  File "/Users/dev/Desktop/Project/venv/lib/python3.13/site-packages/django/template/base.py", line 163, in _render
    return self.nodelist.render(context)
           ~~~~~~~~~~~~~~~~~~~~^^^^^^^^^
  File "/Users/dev/Desktop/Project/venv/lib/python3.13/site-packages/django/template/base.py", line 1016, in render
    return SafeString("".join([node.render_annotated(context) for node in self]))
                               ~~~~~~~~~~~~~~~~~~~~~^^^^^^^^^
  File "/Users/dev/Desktop/Project/venv/lib/python3.13/site-packages/django/template/base.py", line 977, in render_annotated
    return self.render(context)
           ~~~~~~~~~~~^^^^^^^^^
  File "/Users/dev/Desktop/Project/venv/lib/python3.13/site-packages/django/template/loader_tags.py", line 65, in render
    result = block.nodelist.render(context)
  File "/Users/dev/Desktop/Project/venv/lib/python3.13/site-packages/django/template/base.py", line 1016, in render
    return SafeString("".join([node.render_annotated(context) for node in self]))
                               ~~~~~~~~~~~~~~~~~~~~~^^^^^^^^^
  File "/Users/dev/Desktop/Project/venv/lib/python3.13/site-packages/django/template/base.py", line 977, in render_annotated
    return self.render(context)
           ~~~~~~~~~~~^^^^^^^^^
  File "/Users/dev/Desktop/Project/venv/lib/python3.13/site-packages/django/template/defaulttags.py", line 327, in render
    return nodelist.render(context)
           ~~~~~~~~~~~~~~~^^^^^^^^^
  File "/Users/dev/Desktop/Project/venv/lib/python3.13/site-packages/django/template/base.py", line 1016, in render
    return SafeString("".join([node.render_annotated(context) for node in self]))
                               ~~~~~~~~~~~~~~~~~~~~~^^^^^^^^^
  File "/Users/dev/Desktop/Project/venv/lib/python3.13/site-packages/django/template/base.py", line 977, in render_annotated
    return self.render(context)
           ~~~~~~~~~~~^^^^^^^^^
  File "/Users/dev/Desktop/Project/venv/lib/python3.13/site-packages/django/template/defaulttags.py", line 243, in render
    nodelist.append(node.render_annotated(context))
                    ~~~~~~~~~~~~~~~~~~~~~^^^^^^^^^
  File "/Users/dev/Desktop/Project/venv/lib/python3.13/site-packages/django/template/base.py", line 977, in render_annotated
    return self.render(context)
           ~~~~~~~~~~~^^^^^^^^^
  File "/Users/dev/Desktop/Project/venv/lib/python3.13/site-packages/django/template/defaulttags.py", line 327, in render
    return nodelist.render(context)
           ~~~~~~~~~~~~~~~^^^^^^^^^
  File "/Users/dev/Desktop/Project/venv/lib/python3.13/site-packages/django/template/base.py", line 1016, in render
    return SafeString("".join([node.render_annotated(context) for node in self]))
                               ~~~~~~~~~~~~~~~~~~~~~^^^^^^^^^
  File "/Users/dev/Desktop/Project/venv/lib/python3.13/site-packages/django/template/base.py", line 977, in render_annotated
    return self.render(context)
           ~~~~~~~~~~~^^^^^^^^^
  File "/Users/dev/Desktop/Project/venv/lib/python3.13/site-packages/django/template/defaulttags.py", line 480, in render
    url = reverse(view_name, args=args, kwargs=kwargs, current_app=current_app)
  File "/Users/dev/Desktop/Project/venv/lib/python3.13/site-packages/django/urls/base.py", line 98, in reverse
    resolved_url = resolver._reverse_with_prefix(view, prefix, *args, **kwargs)
  File "/Users/dev/Desktop/Project/venv/lib/python3.13/site-packages/django/urls/resolvers.py", line 831, in _reverse_with_prefix
    raise NoReverseMatch(msg)
django.urls.exceptions.NoReverseMatch: Reverse for 'paper_detail' with arguments '(5,)' not found. 1 pattern(s) tried: ['paper/(?P<paper_id>[0-9a-f]{8}-[0-9a-f]{4}-[0-9a-f]{4}-[0-9a-f]{4}-[0-9a-f]{12})/\\Z']
Not Found: /api/papers/graph-data/
Internal Server Error: /paper/58a8f190-440e-4b8a-83b9-43681afe54b5/
Traceback (most recent call last):
  File "/Users/dev/Desktop/Project/venv/lib/python3.13/site-packages/django/core/handlers/exception.py", line 55, in inner
    response = get_response(request)
  File "/Users/dev/Desktop/Project/venv/lib/python3.13/site-packages/django/core/handlers/base.py", line 197, in _get_response
    response = wrapped_callback(request, *callback_args, **callback_kwargs)
  File "/Users/dev/Desktop/Project/reference_graph/views.py", line 43, in paper_detail
    return render(request, 'paper_detail.html', context)
  File "/Users/dev/Desktop/Project/venv/lib/python3.13/site-packages/django/shortcuts.py", line 25, in render
    content = loader.render_to_string(template_name, context, request, using=using)
  File "/Users/dev/Desktop/Project/venv/lib/python3.13/site-packages/django/template/loader.py", line 62, in render_to_string
    return template.render(context, request)
           ~~~~~~~~~~~~~~~^^^^^^^^^^^^^^^^^^
  File "/Users/dev/Desktop/Project/venv/lib/python3.13/site-packages/django/template/backends/django.py", line 107, in render
    return self.template.render(context)
           ~~~~~~~~~~~~~~~~~~~~^^^^^^^^^
  File "/Users/dev/Desktop/Project/venv/lib/python3.13/site-packages/django/template/base.py", line 171, in render
    return self._render(context)
           ~~~~~~~~~~~~^^^^^^^^^
  File "/Users/dev/Desktop/Project/venv/lib/python3.13/site-packages/django/template/base.py", line 163, in _render
    return self.nodelist.render(context)
           ~~~~~~~~~~~~~~~~~~~~^^^^^^^^^
  File "/Users/dev/Desktop/Project/venv/lib/python3.13/site-packages/django/template/base.py", line 1016, in render
    return SafeString("".join([node.render_annotated(context) for node in self]))
                               ~~~~~~~~~~~~~~~~~~~~~^^^^^^^^^
  File "/Users/dev/Desktop/Project/venv/lib/python3.13/site-packages/django/template/base.py", line 977, in render_annotated
    return self.render(context)
           ~~~~~~~~~~~^^^^^^^^^
  File "/Users/dev/Desktop/Project/venv/lib/python3.13/site-packages/django/template/loader_tags.py", line 159, in render
    return compiled_parent._render(context)
           ~~~~~~~~~~~~~~~~~~~~~~~^^^^^^^^^
  File "/Users/dev/Desktop/Project/venv/lib/python3.13/site-packages/django/template/base.py", line 163, in _render
    return self.nodelist.render(context)
           ~~~~~~~~~~~~~~~~~~~~^^^^^^^^^
  File "/Users/dev/Desktop/Project/venv/lib/python3.13/site-packages/django/template/base.py", line 1016, in render
    return SafeString("".join([node.render_annotated(context) for node in self]))
                               ~~~~~~~~~~~~~~~~~~~~~^^^^^^^^^
  File "/Users/dev/Desktop/Project/venv/lib/python3.13/site-packages/django/template/base.py", line 977, in render_annotated
    return self.render(context)
           ~~~~~~~~~~~^^^^^^^^^
  File "/Users/dev/Desktop/Project/venv/lib/python3.13/site-packages/django/template/loader_tags.py", line 65, in render
    result = block.nodelist.render(context)
  File "/Users/dev/Desktop/Project/venv/lib/python3.13/site-packages/django/template/base.py", line 1016, in render
    return SafeString("".join([node.render_annotated(context) for node in self]))
                               ~~~~~~~~~~~~~~~~~~~~~^^^^^^^^^
  File "/Users/dev/Desktop/Project/venv/lib/python3.13/site-packages/django/template/base.py", line 977, in render_annotated
    return self.render(context)
           ~~~~~~~~~~~^^^^^^^^^
  File "/Users/dev/Desktop/Project/venv/lib/python3.13/site-packages/django/template/defaulttags.py", line 327, in render
    return nodelist.render(context)
           ~~~~~~~~~~~~~~~^^^^^^^^^
  File "/Users/dev/Desktop/Project/venv/lib/python3.13/site-packages/django/template/base.py", line 1016, in render
    return SafeString("".join([node.render_annotated(context) for node in self]))
                               ~~~~~~~~~~~~~~~~~~~~~^^^^^^^^^
  File "/Users/dev/Desktop/Project/venv/lib/python3.13/site-packages/django/template/base.py", line 977, in render_annotated
    return self.render(context)
           ~~~~~~~~~~~^^^^^^^^^
  File "/Users/dev/Desktop/Project/venv/lib/python3.13/site-packages/django/template/defaulttags.py", line 243, in render
    nodelist.append(node.render_annotated(context))
                    ~~~~~~~~~~~~~~~~~~~~~^^^^^^^^^
  File "/Users/dev/Desktop/Project/venv/lib/python3.13/site-packages/django/template/base.py", line 977, in render_annotated
    return self.render(context)
           ~~~~~~~~~~~^^^^^^^^^
  File "/Users/dev/Desktop/Project/venv/lib/python3.13/site-packages/django/template/defaulttags.py", line 327, in render
    return nodelist.render(context)
           ~~~~~~~~~~~~~~~^^^^^^^^^
  File "/Users/dev/Desktop/Project/venv/lib/python3.13/site-packages/django/template/base.py", line 1016, in render
    return SafeString("".join([node.render_annotated(context) for node in self]))
                               ~~~~~~~~~~~~~~~~~~~~~^^^^^^^^^
  File "/Users/dev/Desktop/Project/venv/lib/python3.13/site-packages/django/template/base.py", line 977, in render_annotated
    return self.render(context)
           ~~~~~~~~~~~^^^^^^^^^
  File "/Users/dev/Desktop/Project/venv/lib/python3.13/site-packages/django/template/defaulttags.py", line 480, in render
    url = reverse(view_name, args=args, kwargs=kwargs, current_app=current_app)
  File "/Users/dev/Desktop/Project/venv/lib/python3.13/site-packages/django/urls/base.py", line 98, in reverse
    resolved_url = resolver._reverse_with_prefix(view, prefix, *args, **kwargs)
  File "/Users/dev/Desktop/Project/venv/lib/python3.13/site-packages/django/urls/resolvers.py", line 831, in _reverse_with_prefix
    raise NoReverseMatch(msg)
django.urls.exceptions.NoReverseMatch: Reverse for 'paper_detail' with arguments '(9,)' not found. 1 pattern(s) tried: ['paper/(?P<paper_id>[0-9a-f]{8}-[0-9a-f]{4}-[0-9a-f]{4}-[0-9a-f]{4}-[0-9a-f]{12})/\\Z']
Internal Server Error: /paper/89f0c113-75e3-4e48-adc4-4d68da7064bd/
Traceback (most recent call last):
  File "/Users/dev/Desktop/Project/venv/lib/python3.13/site-packages/django/core/handlers/exception.py", line 55, in inner
    response = get_response(request)
  File "/Users/dev/Desktop/Project/venv/lib/python3.13/site-packages/django/core/handlers/base.py", line 197, in _get_response
    response = wrapped_callback(request, *callback_args, **callback_kwargs)
  File "/Users/dev/Desktop/Project/reference_graph/views.py", line 43, in paper_detail
    return render(request, 'paper_detail.html', context)
  File "/Users/dev/Desktop/Project/venv/lib/python3.13/site-packages/django/shortcuts.py", line 25, in render
    content = loader.render_to_string(template_name, context, request, using=using)
  File "/Users/dev/Desktop/Project/venv/lib/python3.13/site-packages/django/template/loader.py", line 62, in render_to_string
    return template.render(context, request)
           ~~~~~~~~~~~~~~~^^^^^^^^^^^^^^^^^^
  File "/Users/dev/Desktop/Project/venv/lib/python3.13/site-packages/django/template/backends/django.py", line 107, in render
    return self.template.render(context)
           ~~~~~~~~~~~~~~~~~~~~^^^^^^^^^
  File "/Users/dev/Desktop/Project/venv/lib/python3.13/site-packages/django/template/base.py", line 171, in render
    return self._render(context)
           ~~~~~~~~~~~~^^^^^^^^^
  File "/Users/dev/Desktop/Project/venv/lib/python3.13/site-packages/django/template/base.py", line 163, in _render
    return self.nodelist.render(context)
           ~~~~~~~~~~~~~~~~~~~~^^^^^^^^^
  File "/Users/dev/Desktop/Project/venv/lib/python3.13/site-packages/django/template/base.py", line 1016, in render
    return SafeString("".join([node.render_annotated(context) for node in self]))
                               ~~~~~~~~~~~~~~~~~~~~~^^^^^^^^^
  File "/Users/dev/Desktop/Project/venv/lib/python3.13/site-packages/django/template/base.py", line 977, in render_annotated
    return self.render(context)
           ~~~~~~~~~~~^^^^^^^^^
  File "/Users/dev/Desktop/Project/venv/lib/python3.13/site-packages/django/template/loader_tags.py", line 159, in render
    return compiled_parent._render(context)
           ~~~~~~~~~~~~~~~~~~~~~~~^^^^^^^^^
  File "/Users/dev/Desktop/Project/venv/lib/python3.13/site-packages/django/template/base.py", line 163, in _render
    return self.nodelist.render(context)
           ~~~~~~~~~~~~~~~~~~~~^^^^^^^^^
  File "/Users/dev/Desktop/Project/venv/lib/python3.13/site-packages/django/template/base.py", line 1016, in render
    return SafeString("".join([node.render_annotated(context) for node in self]))
                               ~~~~~~~~~~~~~~~~~~~~~^^^^^^^^^
  File "/Users/dev/Desktop/Project/venv/lib/python3.13/site-packages/django/template/base.py", line 977, in render_annotated
    return self.render(context)
           ~~~~~~~~~~~^^^^^^^^^
  File "/Users/dev/Desktop/Project/venv/lib/python3.13/site-packages/django/template/loader_tags.py", line 65, in render
    result = block.nodelist.render(context)
  File "/Users/dev/Desktop/Project/venv/lib/python3.13/site-packages/django/template/base.py", line 1016, in render
    return SafeString("".join([node.render_annotated(context) for node in self]))
                               ~~~~~~~~~~~~~~~~~~~~~^^^^^^^^^
  File "/Users/dev/Desktop/Project/venv/lib/python3.13/site-packages/django/template/base.py", line 977, in render_annotated
    return self.render(context)
           ~~~~~~~~~~~^^^^^^^^^
  File "/Users/dev/Desktop/Project/venv/lib/python3.13/site-packages/django/template/defaulttags.py", line 327, in render
    return nodelist.render(context)
           ~~~~~~~~~~~~~~~^^^^^^^^^
  File "/Users/dev/Desktop/Project/venv/lib/python3.13/site-packages/django/template/base.py", line 1016, in render
    return SafeString("".join([node.render_annotated(context) for node in self]))
                               ~~~~~~~~~~~~~~~~~~~~~^^^^^^^^^
  File "/Users/dev/Desktop/Project/venv/lib/python3.13/site-packages/django/template/base.py", line 977, in render_annotated
    return self.render(context)
           ~~~~~~~~~~~^^^^^^^^^
  File "/Users/dev/Desktop/Project/venv/lib/python3.13/site-packages/django/template/defaulttags.py", line 243, in render
    nodelist.append(node.render_annotated(context))
                    ~~~~~~~~~~~~~~~~~~~~~^^^^^^^^^
  File "/Users/dev/Desktop/Project/venv/lib/python3.13/site-packages/django/template/base.py", line 977, in render_annotated
    return self.render(context)
           ~~~~~~~~~~~^^^^^^^^^
  File "/Users/dev/Desktop/Project/venv/lib/python3.13/site-packages/django/template/defaulttags.py", line 327, in render
    return nodelist.render(context)
           ~~~~~~~~~~~~~~~^^^^^^^^^
  File "/Users/dev/Desktop/Project/venv/lib/python3.13/site-packages/django/template/base.py", line 1016, in render
    return SafeString("".join([node.render_annotated(context) for node in self]))
                               ~~~~~~~~~~~~~~~~~~~~~^^^^^^^^^
  File "/Users/dev/Desktop/Project/venv/lib/python3.13/site-packages/django/template/base.py", line 977, in render_annotated
    return self.render(context)
           ~~~~~~~~~~~^^^^^^^^^
  File "/Users/dev/Desktop/Project/venv/lib/python3.13/site-packages/django/template/defaulttags.py", line 480, in render
    url = reverse(view_name, args=args, kwargs=kwargs, current_app=current_app)
  File "/Users/dev/Desktop/Project/venv/lib/python3.13/site-packages/django/urls/base.py", line 98, in reverse
    resolved_url = resolver._reverse_with_prefix(view, prefix, *args, **kwargs)
  File "/Users/dev/Desktop/Project/venv/lib/python3.13/site-packages/django/urls/resolvers.py", line 831, in _reverse_with_prefix
    raise NoReverseMatch(msg)
django.urls.exceptions.NoReverseMatch: Reverse for 'paper_detail' with arguments '(8,)' not found. 1 pattern(s) tried: ['paper/(?P<paper_id>[0-9a-f]{8}-[0-9a-f]{4}-[0-9a-f]{4}-[0-9a-f]{4}-[0-9a-f]{12})/\\Z']
Internal Server Error: /paper/f30c1142-65d8-4554-aa92-aff004419774/
Traceback (most recent call last):
  File "/Users/dev/Desktop/Project/venv/lib/python3.13/site-packages/django/core/handlers/exception.py", line 55, in inner
    response = get_response(request)
  File "/Users/dev/Desktop/Project/venv/lib/python3.13/site-packages/django/core/handlers/base.py", line 197, in _get_response
    response = wrapped_callback(request, *callback_args, **callback_kwargs)
  File "/Users/dev/Desktop/Project/reference_graph/views.py", line 43, in paper_detail
    return render(request, 'paper_detail.html', context)
  File "/Users/dev/Desktop/Project/venv/lib/python3.13/site-packages/django/shortcuts.py", line 25, in render
    content = loader.render_to_string(template_name, context, request, using=using)
  File "/Users/dev/Desktop/Project/venv/lib/python3.13/site-packages/django/template/loader.py", line 62, in render_to_string
    return template.render(context, request)
           ~~~~~~~~~~~~~~~^^^^^^^^^^^^^^^^^^
  File "/Users/dev/Desktop/Project/venv/lib/python3.13/site-packages/django/template/backends/django.py", line 107, in render
    return self.template.render(context)
           ~~~~~~~~~~~~~~~~~~~~^^^^^^^^^
  File "/Users/dev/Desktop/Project/venv/lib/python3.13/site-packages/django/template/base.py", line 171, in render
    return self._render(context)
           ~~~~~~~~~~~~^^^^^^^^^
  File "/Users/dev/Desktop/Project/venv/lib/python3.13/site-packages/django/template/base.py", line 163, in _render
    return self.nodelist.render(context)
           ~~~~~~~~~~~~~~~~~~~~^^^^^^^^^
  File "/Users/dev/Desktop/Project/venv/lib/python3.13/site-packages/django/template/base.py", line 1016, in render
    return SafeString("".join([node.render_annotated(context) for node in self]))
                               ~~~~~~~~~~~~~~~~~~~~~^^^^^^^^^
  File "/Users/dev/Desktop/Project/venv/lib/python3.13/site-packages/django/template/base.py", line 977, in render_annotated
    return self.render(context)
           ~~~~~~~~~~~^^^^^^^^^
  File "/Users/dev/Desktop/Project/venv/lib/python3.13/site-packages/django/template/loader_tags.py", line 159, in render
    return compiled_parent._render(context)
           ~~~~~~~~~~~~~~~~~~~~~~~^^^^^^^^^
  File "/Users/dev/Desktop/Project/venv/lib/python3.13/site-packages/django/template/base.py", line 163, in _render
    return self.nodelist.render(context)
           ~~~~~~~~~~~~~~~~~~~~^^^^^^^^^
  File "/Users/dev/Desktop/Project/venv/lib/python3.13/site-packages/django/template/base.py", line 1016, in render
    return SafeString("".join([node.render_annotated(context) for node in self]))
                               ~~~~~~~~~~~~~~~~~~~~~^^^^^^^^^
  File "/Users/dev/Desktop/Project/venv/lib/python3.13/site-packages/django/template/base.py", line 977, in render_annotated
    return self.render(context)
           ~~~~~~~~~~~^^^^^^^^^
  File "/Users/dev/Desktop/Project/venv/lib/python3.13/site-packages/django/template/loader_tags.py", line 65, in render
    result = block.nodelist.render(context)
  File "/Users/dev/Desktop/Project/venv/lib/python3.13/site-packages/django/template/base.py", line 1016, in render
    return SafeString("".join([node.render_annotated(context) for node in self]))
                               ~~~~~~~~~~~~~~~~~~~~~^^^^^^^^^
  File "/Users/dev/Desktop/Project/venv/lib/python3.13/site-packages/django/template/base.py", line 977, in render_annotated
    return self.render(context)
           ~~~~~~~~~~~^^^^^^^^^
  File "/Users/dev/Desktop/Project/venv/lib/python3.13/site-packages/django/template/defaulttags.py", line 327, in render
    return nodelist.render(context)
           ~~~~~~~~~~~~~~~^^^^^^^^^
  File "/Users/dev/Desktop/Project/venv/lib/python3.13/site-packages/django/template/base.py", line 1016, in render
    return SafeString("".join([node.render_annotated(context) for node in self]))
                               ~~~~~~~~~~~~~~~~~~~~~^^^^^^^^^
  File "/Users/dev/Desktop/Project/venv/lib/python3.13/site-packages/django/template/base.py", line 977, in render_annotated
    return self.render(context)
           ~~~~~~~~~~~^^^^^^^^^
  File "/Users/dev/Desktop/Project/venv/lib/python3.13/site-packages/django/template/defaulttags.py", line 243, in render
    nodelist.append(node.render_annotated(context))
                    ~~~~~~~~~~~~~~~~~~~~~^^^^^^^^^
  File "/Users/dev/Desktop/Project/venv/lib/python3.13/site-packages/django/template/base.py", line 977, in render_annotated
    return self.render(context)
           ~~~~~~~~~~~^^^^^^^^^
  File "/Users/dev/Desktop/Project/venv/lib/python3.13/site-packages/django/template/defaulttags.py", line 327, in render
    return nodelist.render(context)
           ~~~~~~~~~~~~~~~^^^^^^^^^
  File "/Users/dev/Desktop/Project/venv/lib/python3.13/site-packages/django/template/base.py", line 1016, in render
    return SafeString("".join([node.render_annotated(context) for node in self]))
                               ~~~~~~~~~~~~~~~~~~~~~^^^^^^^^^
  File "/Users/dev/Desktop/Project/venv/lib/python3.13/site-packages/django/template/base.py", line 977, in render_annotated
    return self.render(context)
           ~~~~~~~~~~~^^^^^^^^^
  File "/Users/dev/Desktop/Project/venv/lib/python3.13/site-packages/django/template/defaulttags.py", line 480, in render
    url = reverse(view_name, args=args, kwargs=kwargs, current_app=current_app)
  File "/Users/dev/Desktop/Project/venv/lib/python3.13/site-packages/django/urls/base.py", line 98, in reverse
    resolved_url = resolver._reverse_with_prefix(view, prefix, *args, **kwargs)
  File "/Users/dev/Desktop/Project/venv/lib/python3.13/site-packages/django/urls/resolvers.py", line 831, in _reverse_with_prefix
    raise NoReverseMatch(msg)
django.urls.exceptions.NoReverseMatch: Reverse for 'paper_detail' with arguments '(2,)' not found. 1 pattern(s) tried: ['paper/(?P<paper_id>[0-9a-f]{8}-[0-9a-f]{4}-[0-9a-f]{4}-[0-9a-f]{4}-[0-9a-f]{12})/\\Z']
/Users/dev/Desktop/Project/reference_graph/views.py changed, reloading.
Watching for file changes with StatReloader
Watching for file changes with StatReloader
/Users/dev/Desktop/Project/papers/views.py changed, reloading.
Watching for file changes with StatReloader
/Users/dev/Desktop/Project/papers/views.py changed, reloading.
Watching for file changes with StatReloader
/Users/dev/Desktop/Project/reference_graph/views.py changed, reloading.
Watching for file changes with StatReloader
Not Found: /api/papers/statistics/
Not Found: /api/papers/graph-data/
Not Found: /api/papers/statistics/
Not Found: /api/papers/graph-data/
/Users/dev/Desktop/Project/papers/views.py changed, reloading.
Watching for file changes with StatReloader
/Users/dev/Desktop/Project/papers/urls.py changed, reloading.
Watching for file changes with StatReloader
/Users/dev/Desktop/Project/reference_graph/views.py changed, reloading.
Watching for file changes with StatReloader
Watching for file changes with StatReloader
/Users/dev/Desktop/Project/reference_graph/views.py changed, reloading.
/Users/dev/Desktop/Project/reference_graph/views.py changed, reloading.
Watching for file changes with StatReloader
Watching for file changes with StatReloader
Not Found: /api/papers/statistics/
Not Found: /api/papers/graph-data/
Not Found: /api/papers/statistics/
Not Found: /api/papers/graph-data/
Not Found: /api/papers/statistics/
Not Found: /api/papers/graph-data/
Not Found: /api/papers/graph-data/
Not Found: /api/papers/graph-data/
/Users/dev/Desktop/Project/reference_graph/frontend_urls.py changed, reloading.
/Users/dev/Desktop/Project/reference_graph/frontend_urls.py changed, reloading.
Watching for file changes with StatReloader
Watching for file changes with StatReloader
/Users/dev/Desktop/Project/reference_graph/views.py changed, reloading.
/Users/dev/Desktop/Project/reference_graph/views.py changed, reloading.
Watching for file changes with StatReloader
Watching for file changes with StatReloader
/Users/dev/Desktop/Project/papers/views.py changed, reloading.
/Users/dev/Desktop/Project/papers/views.py changed, reloading.
Watching for file changes with StatReloader
Watching for file changes with StatReloader
Watching for file changes with StatReloader
Watching for file changes with StatReloader
Watching for file changes with StatReloader
Watching for file changes with StatReloader
Watching for file changes with StatReloader
Watching for file changes with StatReloader
/Users/dev/Desktop/Project/papers/views.py changed, reloading.
/Users/dev/Desktop/Project/papers/views.py changed, reloading.
Watching for file changes with StatReloader
Watching for file changes with StatReloader
/Users/dev/Desktop/Project/papers/views.py changed, reloading.
Watching for file changes with StatReloader
Watching for file changes with StatReloader
/Users/dev/Desktop/Project/papers/views.py changed, reloading.
/Users/dev/Desktop/Project/papers/views.py changed, reloading.
Watching for file changes with StatReloader
Watching for file changes with StatReloader
Not Found: /api/papers/statistics/
Internal Server Error: /api/papers/55aa893b-5c99-4793-aa03-0140e53c23ce/process-references/
Traceback (most recent call last):
  File "/Users/dev/Desktop/Project/venv/lib/python3.13/site-packages/django/core/handlers/exception.py", line 55, in inner
    response = get_response(request)
  File "/Users/dev/Desktop/Project/venv/lib/python3.13/site-packages/django/core/handlers/base.py", line 197, in _get_response
    response = wrapped_callback(request, *callback_args, **callback_kwargs)
  File "/Users/dev/Desktop/Project/venv/lib/python3.13/site-packages/django/views/decorators/csrf.py", line 65, in _view_wrapper
    return view_func(request, *args, **kwargs)
  File "/Users/dev/Desktop/Project/venv/lib/python3.13/site-packages/django/views/generic/base.py", line 105, in view
    return self.dispatch(request, *args, **kwargs)
           ~~~~~~~~~~~~~^^^^^^^^^^^^^^^^^^^^^^^^^^
  File "/Users/dev/Desktop/Project/venv/lib/python3.13/site-packages/rest_framework/views.py", line 515, in dispatch
    response = self.handle_exception(exc)
  File "/Users/dev/Desktop/Project/venv/lib/python3.13/site-packages/rest_framework/views.py", line 475, in handle_exception
    self.raise_uncaught_exception(exc)
    ~~~~~~~~~~~~~~~~~~~~~~~~~~~~~^^^^^
  File "/Users/dev/Desktop/Project/venv/lib/python3.13/site-packages/rest_framework/views.py", line 486, in raise_uncaught_exception
    raise exc
  File "/Users/dev/Desktop/Project/venv/lib/python3.13/site-packages/rest_framework/views.py", line 512, in dispatch
    response = handler(request, *args, **kwargs)
  File "/Users/dev/Desktop/Project/venv/lib/python3.13/site-packages/rest_framework/decorators.py", line 50, in handler
    return func(*args, **kwargs)
  File "/Users/dev/Desktop/Project/papers/views.py", line 154, in process_paper_references
    extract_references_from_paper.delay(paper.id)
    ^^^^^^^^^^^^^^^^^^^^^^^^^^^^^^^^^^^
AttributeError: 'function' object has no attribute 'delay'
Internal Server Error: /api/papers/55aa893b-5c99-4793-aa03-0140e53c23ce/process-references/
Traceback (most recent call last):
  File "/Users/dev/Desktop/Project/venv/lib/python3.13/site-packages/django/core/handlers/exception.py", line 55, in inner
    response = get_response(request)
  File "/Users/dev/Desktop/Project/venv/lib/python3.13/site-packages/django/core/handlers/base.py", line 197, in _get_response
    response = wrapped_callback(request, *callback_args, **callback_kwargs)
  File "/Users/dev/Desktop/Project/venv/lib/python3.13/site-packages/django/views/decorators/csrf.py", line 65, in _view_wrapper
    return view_func(request, *args, **kwargs)
  File "/Users/dev/Desktop/Project/venv/lib/python3.13/site-packages/django/views/generic/base.py", line 105, in view
    return self.dispatch(request, *args, **kwargs)
           ~~~~~~~~~~~~~^^^^^^^^^^^^^^^^^^^^^^^^^^
  File "/Users/dev/Desktop/Project/venv/lib/python3.13/site-packages/rest_framework/views.py", line 515, in dispatch
    response = self.handle_exception(exc)
  File "/Users/dev/Desktop/Project/venv/lib/python3.13/site-packages/rest_framework/views.py", line 475, in handle_exception
    self.raise_uncaught_exception(exc)
    ~~~~~~~~~~~~~~~~~~~~~~~~~~~~~^^^^^
  File "/Users/dev/Desktop/Project/venv/lib/python3.13/site-packages/rest_framework/views.py", line 486, in raise_uncaught_exception
    raise exc
  File "/Users/dev/Desktop/Project/venv/lib/python3.13/site-packages/rest_framework/views.py", line 512, in dispatch
    response = handler(request, *args, **kwargs)
  File "/Users/dev/Desktop/Project/venv/lib/python3.13/site-packages/rest_framework/decorators.py", line 50, in handler
    return func(*args, **kwargs)
  File "/Users/dev/Desktop/Project/papers/views.py", line 154, in process_paper_references
    extract_references_from_paper.delay(paper.id)
    ^^^^^^^^^^^^^^^^^^^^^^^^^^^^^^^^^^^
AttributeError: 'function' object has no attribute 'delay'
Not Found: /api/papers/statistics/
Not Found: /api/papers/statistics/
/Users/dev/Desktop/Project/chatbot/rag_engine.py changed, reloading.
Watching for file changes with StatReloader
/Users/dev/Desktop/Project/chatbot/rag_engine.py changed, reloading.
Watching for file changes with StatReloader
/Users/dev/Desktop/Project/reference_graph/frontend_urls.py changed, reloading.
Watching for file changes with StatReloader
/Users/dev/Desktop/Project/reference_graph/views.py changed, reloading.
Watching for file changes with StatReloader
/Users/dev/Desktop/Project/reference_graph/views.py changed, reloading.
Watching for file changes with StatReloader
Watching for file changes with StatReloader
Not Found: /api/papers/statistics/
/Users/dev/Desktop/Project/chatbot/rag_engine.py changed, reloading.
/Users/dev/Desktop/Project/chatbot/rag_engine.py changed, reloading.
Watching for file changes with StatReloader
Watching for file changes with StatReloader
/Users/dev/Desktop/Project/chatbot/rag_engine.py changed, reloading.
/Users/dev/Desktop/Project/chatbot/rag_engine.py changed, reloading.
Watching for file changes with StatReloader
Watching for file changes with StatReloader
Not Found: /api/papers/statistics/
/Users/dev/Desktop/Project/chatbot/rag_engine.py changed, reloading.
Watching for file changes with StatReloader
/Users/dev/Desktop/Project/chatbot/views.py changed, reloading.
Watching for file changes with StatReloader
/Users/dev/Desktop/Project/chatbot/views.py changed, reloading.
Watching for file changes with StatReloader
/Users/dev/Desktop/Project/chatbot/views.py changed, reloading.
Watching for file changes with StatReloader
Watching for file changes with StatReloader
Not Found: /api/papers/statistics/
Watching for file changes with StatReloader
/Users/dev/Desktop/Project/chatbot/rag_engine.py changed, reloading.
Watching for file changes with StatReloader
Watching for file changes with StatReloader
Not Found: /api/papers/statistics/
Not Found: /api/papers/d576447e-49a3-4878-bdc5-aa438436e7e0/extract-references/
Not Found: /api/papers/statistics/
Not Found: /api/papers/statistics/
Not Found: /api/papers/statistics/
Not Found: /api/papers/statistics/
Not Found: /api/papers/statistics/
Not Found: /api/papers/statistics/
Not Found: /api/papers/search/
Not Found: /api/papers/search/
Not Found: /api/papers/search/
Not Found: /api/papers/search/
Not Found: /api/papers/search/
Not Found: /api/papers/statistics/
Not Found: /api/papers/search/
Not Found: /api/papers/statistics/
Watching for file changes with StatReloader
Not Found: /api/papers/statistics/
Not Found: /api/papers/search/
Not Found: /api/papers/search/
Not Found: /api/papers/search/
Not Found: /api/papers/search/
Not Found: /api/papers/search/
Not Found: /api/papers/search/
Not Found: /api/papers/search/
Not Found: /api/papers/search/
Not Found: /api/papers/statistics/
Not Found: /api/papers/statistics/
Not Found: /api/papers/statistics/
Not Found: /api/papers/statistics/
Not Found: /api/papers/7d1ee1e5-26cc-4951-ac4e-482dfe4c9772/extract-references/
Not Found: /api/papers/statistics/
Not Found: /api/papers/statistics/
Not Found: /api/papers/statistics/
Not Found: /api/papers/search/
Not Found: /api/papers/search/
Not Found: /api/papers/search/
Not Found: /api/papers/search/
Not Found: /api/papers/statistics/
Not Found: /api/papers/statistics/
Not Found: /api/papers/33e7dc45-945b-4b0a-bbc0-94b3ecd54ef1/extract-references/
Not Found: /api/papers/statistics/
Not Found: /api/papers/d9bb8c20-9e1a-4891-87bb-5e47df77cea9/extract-references/
Watching for file changes with StatReloader
Not Found: /api/papers/statistics/
Bad Request: /api/papers/8d472e5b-9b9e-4cda-b678-e1d80db79496/process-references/
Bad Request: /api/papers/8d472e5b-9b9e-4cda-b678-e1d80db79496/process-references/
Not Found: /api/papers/statistics/
Not Found: /api/papers/statistics/
Watching for file changes with StatReloader
Not Found: /api/papers/statistics/
Watching for file changes with StatReloader
Not Found: /api/papers/statistics/
Watching for file changes with StatReloader
Not Found: /api/papers/statistics/
Watching for file changes with StatReloader
Not Found: /api/papers/statistics/
/Users/dev/Documents/Project/papers/utils.py changed, reloading.
Watching for file changes with StatReloader
/Users/dev/Documents/Project/papers/views.py changed, reloading.
Watching for file changes with StatReloader
/Users/dev/Documents/Project/reference_graph/settings.py changed, reloading.
Watching for file changes with StatReloader
/Users/dev/Documents/Project/papers/utils.py changed, reloading.
Watching for file changes with StatReloader
/Users/dev/Documents/Project/reference_graph/views.py changed, reloading.
Watching for file changes with StatReloader
/Users/dev/Documents/Project/reference_graph/settings.py changed, reloading.
Watching for file changes with StatReloader
Not Found: /api/papers/statistics/
Not Found: /api/papers/statistics/
/Users/dev/Documents/Project/papers/views.py changed, reloading.
Watching for file changes with StatReloader
/Users/dev/Documents/Project/reference_graph/views.py changed, reloading.
Watching for file changes with StatReloader
/Users/dev/Documents/Project/reference_graph/views.py changed, reloading.
Watching for file changes with StatReloader
/Users/dev/Documents/Project/reference_graph/views.py changed, reloading.
Watching for file changes with StatReloader
Not Found: /api/papers/statistics/
Bad Request: /api/papers/da352158-b761-4260-a626-da34ad060488/process-references/
Bad Request: /api/papers/da352158-b761-4260-a626-da34ad060488/process-references/
Not Found: /api/papers/search/
Not Found: /api/papers/search/
Not Found: /api/papers/search/
Not Found: /api/papers/search/
Not Found: /api/papers/statistics/
Not Found: /api/papers/statistics/
Bad Request: /api/papers/7d1ee1e5-26cc-4951-ac4e-482dfe4c9772/process-references/
Not Found: /api/papers/statistics/
/Users/dev/Documents/Project/papers/utils.py changed, reloading.
Watching for file changes with StatReloader
/Users/dev/Documents/Project/reference_graph/views.py changed, reloading.
Watching for file changes with StatReloader
Not Found: /api/papers/statistics/
Watching for file changes with StatReloader
Not Found: /api/papers/statistics/
Watching for file changes with StatReloader
Not Found: /api/papers/statistics/
Not Found: /api/papers/statistics/
Watching for file changes with StatReloader
Not Found: /api/papers/statistics/
Watching for file changes with StatReloader
Not Found: /api/papers/statistics/
Not Found: /api/papers/statistics/
Watching for file changes with StatReloader
Not Found: /api/papers/statistics/
Not Found: /api/papers/search/
Not Found: /api/papers/statistics/
Not Found: /api/papers/search/
Not Found: /api/papers/search/
Not Found: /api/papers/search/
Not Found: /api/papers/statistics/
Not Found: /api/papers/statistics/
Not Found: /api/papers/search/
Not Found: /api/papers/search/
Not Found: /api/papers/search/
Not Found: /api/papers/statistics/
/Users/dev/Documents/Project/papers/utils.py changed, reloading.
Watching for file changes with StatReloader
Not Found: /api/papers/statistics/
Not Found: /api/papers/search/
Not Found: /api/papers/search/
Not Found: /api/papers/search/
Not Found: /api/papers/search/
Not Found: /api/papers/search/
Not Found: /api/papers/search/
Not Found: /api/papers/statistics/
Watching for file changes with StatReloader
Not Found: /api/papers/statistics/
Watching for file changes with StatReloader
Not Found: /api/papers/statistics/
Not Found: /api/papers/statistics/
Not Found: /api/papers/statistics/
HTTP Request: POST https://api.openai.com/v1/chat/completions "HTTP/1.1 401 Unauthorized"
HTTP Request: POST https://api.openai.com/v1/chat/completions "HTTP/1.1 401 Unauthorized"
HTTP Request: POST https://api.openai.com/v1/chat/completions "HTTP/1.1 401 Unauthorized"
/Users/dev/Documents/Project/chatbot/rag_engine.py changed, reloading.
Watching for file changes with StatReloader
Watching for file changes with StatReloader
Not Found: /api/papers/statistics/
Not Found: /api/papers/statistics/
Not Found: /api/papers/statistics/
Not Found: /api/papers/statistics/
Not Found: /api/papers/search/
Not Found: /api/papers/search/
Watching for file changes with StatReloader
Not Found: /api/papers/statistics/
/Users/dev/Documents/Project/chatbot/rag_engine.py changed, reloading.
Watching for file changes with StatReloader
/Users/dev/Documents/Project/chatbot/rag_engine.py changed, reloading.
Watching for file changes with StatReloader
Watching for file changes with StatReloader
Not Found: /api/papers/statistics/
Watching for file changes with StatReloader
Not Found: /api/papers/statistics/
Internal Server Error: /api/papers/8ea8e1db-40f5-43cb-8b97-18a7bee1e36f/process-references/
Internal Server Error: /api/papers/8ea8e1db-40f5-43cb-8b97-18a7bee1e36f/process-references/
/Users/dev/Documents/Project/chatbot/views.py changed, reloading.
Watching for file changes with StatReloader
/Users/dev/Documents/Project/chatbot/views.py changed, reloading.
Watching for file changes with StatReloader
Not Found: /api/papers/statistics/
Not Found: /api/papers/statistics/
Watching for file changes with StatReloader
Not Found: /api/papers/statistics/
Not Found: /api/papers/statistics/
Watching for file changes with StatReloader
Not Found: /api/papers/statistics/
Watching for file changes with StatReloader
Not Found: /api/papers/statistics/
Watching for file changes with StatReloader
Not Found: /api/papers/statistics/
Watching for file changes with StatReloader
Watching for file changes with StatReloader
Not Found: /api/papers/statistics/
Watching for file changes with StatReloader
Not Found: /api/papers/statistics/
Not Found: /apple-touch-icon-precomposed.png
Not Found: /apple-touch-icon.png
Not Found: /favicon.ico
Not Found: /apple-touch-icon-precomposed.png
Not Found: /apple-touch-icon.png
Not Found: /api/papers/statistics/
Not Found: /api/papers/statistics/
Not Found: /api/papers/statistics/
Watching for file changes with StatReloader
Not Found: /api/papers/statistics/
/Users/dev/Documents/Project/papers/views.py changed, reloading.
Watching for file changes with StatReloader
/Users/dev/Documents/Project/papers/views.py changed, reloading.
Watching for file changes with StatReloader
Not Found: /api/papers/statistics/
Watching for file changes with StatReloader
Not Found: /api/papers/statistics/
Not Found: /api/papers/statistics/
Not Found: /api/papers/statistics/
Not Found: /api/papers/statistics/
Not Found: /about/
Watching for file changes with StatReloader
Not Found: /api/papers/statistics/
Not Found: /api/papers/statistics/
Not Found: /about/
Not Found: /api/papers/statistics/
Watching for file changes with StatReloader
Watching for file changes with StatReloader
Not Found: /api/papers/statistics/
Watching for file changes with StatReloader
Not Found: /api/papers/statistics/
/Users/dev/Documents/Project/chatbot/rag_engine.py changed, reloading.
Watching for file changes with StatReloader
/Users/dev/Documents/Project/chatbot/rag_engine.py changed, reloading.
Watching for file changes with StatReloader
/Users/dev/Documents/Project/chatbot/rag_engine.py changed, reloading.
Watching for file changes with StatReloader
/Users/dev/Documents/Project/chatbot/models.py changed, reloading.
Watching for file changes with StatReloader
Not Found: /api/papers/statistics/
Not Found: /api/papers/search/
/Users/dev/Documents/Project/chatbot/models.py changed, reloading.
Watching for file changes with StatReloader
/Users/dev/Documents/Project/chatbot/models.py changed, reloading.
Watching for file changes with StatReloader
Not Found: /api/papers/statistics/
Not Found: /api/papers/statistics/
Not Found: /api/papers/statistics/
Not Found: /api/papers/statistics/
Not Found: /api/papers/statistics/
Not Found: /api/papers/statistics/
Not Found: /api/papers/statistics/
Not Found: /api/papers/statistics/
Not Found: /api/papers/statistics/
Not Found: /api/papers/statistics/
Forbidden: /api/papers/e5da3a0d-951b-4df8-bca3-b53ff8e1fa8c/process-references/
Forbidden: /api/papers/e5da3a0d-951b-4df8-bca3-b53ff8e1fa8c/process-references/
Forbidden: /api/papers/e5da3a0d-951b-4df8-bca3-b53ff8e1fa8c/process-references/
Forbidden: /api/papers/e5da3a0d-951b-4df8-bca3-b53ff8e1fa8c/process-references/
Forbidden: /api/papers/e5da3a0d-951b-4df8-bca3-b53ff8e1fa8c/process-references/
Forbidden: /api/papers/e5da3a0d-951b-4df8-bca3-b53ff8e1fa8c/process-references/
Forbidden: /api/papers/e5da3a0d-951b-4df8-bca3-b53ff8e1fa8c/process-references/
Forbidden: /api/papers/e5da3a0d-951b-4df8-bca3-b53ff8e1fa8c/process-references/
Forbidden: /api/papers/e5da3a0d-951b-4df8-bca3-b53ff8e1fa8c/process-references/
Forbidden: /api/papers/e5da3a0d-951b-4df8-bca3-b53ff8e1fa8c/process-references/
Forbidden: /api/papers/e5da3a0d-951b-4df8-bca3-b53ff8e1fa8c/process-references/
Forbidden: /api/papers/e5da3a0d-951b-4df8-bca3-b53ff8e1fa8c/process-references/
Forbidden: /api/papers/e5da3a0d-951b-4df8-bca3-b53ff8e1fa8c/process-references/
Forbidden: /api/papers/e5da3a0d-951b-4df8-bca3-b53ff8e1fa8c/process-references/
Forbidden: /api/papers/e5da3a0d-951b-4df8-bca3-b53ff8e1fa8c/process-references/
Forbidden: /api/papers/e5da3a0d-951b-4df8-bca3-b53ff8e1fa8c/process-references/
Forbidden: /api/papers/e5da3a0d-951b-4df8-bca3-b53ff8e1fa8c/process-references/
Forbidden: /api/papers/e5da3a0d-951b-4df8-bca3-b53ff8e1fa8c/process-references/
Forbidden: /api/papers/e5da3a0d-951b-4df8-bca3-b53ff8e1fa8c/process-references/
Forbidden: /api/papers/e5da3a0d-951b-4df8-bca3-b53ff8e1fa8c/process-references/
Forbidden: /api/papers/e5da3a0d-951b-4df8-bca3-b53ff8e1fa8c/process-references/
Not Found: /api/papers/statistics/
Watching for file changes with StatReloader
Watching for file changes with StatReloader
Watching for file changes with StatReloader
Loading faiss with AVX2 support.
Successfully loaded faiss with AVX2 support.
Not Found: /api/papers/statistics/
Not Found: /favicon.ico
Internal Server Error: /api/chatbot/papers/78ce2cc0-131e-4da6-b212-4134ec38b62b/chat/
Traceback (most recent call last):
  File "C:\Users\DELL\Desktop\Computer Science\ResearchPaperAnalyzer\chatbot\rag_engine.py", line 61, in _initialize_embedding_model
    if self.use_openai and self.openai_api_key:
       ^^^^^^^^^^^^^^^
AttributeError: 'VectorRAGEngine' object has no attribute 'use_openai'

During handling of the above exception, another exception occurred:

Traceback (most recent call last):
  File "C:\Users\DELL\Desktop\Computer Science\ResearchPaperAnalyzer\venv\Lib\site-packages\django\core\handlers\exception.py", line 55, in inner
    response = get_response(request)
               ^^^^^^^^^^^^^^^^^^^^^
  File "C:\Users\DELL\Desktop\Computer Science\ResearchPaperAnalyzer\venv\Lib\site-packages\django\core\handlers\base.py", line 197, in _get_response
    response = wrapped_callback(request, *callback_args, **callback_kwargs)
               ^^^^^^^^^^^^^^^^^^^^^^^^^^^^^^^^^^^^^^^^^^^^^^^^^^^^^^^^^^^^
  File "C:\Users\DELL\Desktop\Computer Science\ResearchPaperAnalyzer\venv\Lib\site-packages\django\views\decorators\csrf.py", line 65, in _view_wrapper
    return view_func(request, *args, **kwargs)
           ^^^^^^^^^^^^^^^^^^^^^^^^^^^^^^^^^^^
  File "C:\Users\DELL\Desktop\Computer Science\ResearchPaperAnalyzer\venv\Lib\site-packages\django\views\generic\base.py", line 105, in view
    return self.dispatch(request, *args, **kwargs)
           ^^^^^^^^^^^^^^^^^^^^^^^^^^^^^^^^^^^^^^^
  File "C:\Users\DELL\Desktop\Computer Science\ResearchPaperAnalyzer\venv\Lib\site-packages\rest_framework\views.py", line 515, in dispatch
    response = self.handle_exception(exc)
               ^^^^^^^^^^^^^^^^^^^^^^^^^^
  File "C:\Users\DELL\Desktop\Computer Science\ResearchPaperAnalyzer\venv\Lib\site-packages\rest_framework\views.py", line 475, in handle_exception
    self.raise_uncaught_exception(exc)
  File "C:\Users\DELL\Desktop\Computer Science\ResearchPaperAnalyzer\venv\Lib\site-packages\rest_framework\views.py", line 486, in raise_uncaught_exception
    raise exc
  File "C:\Users\DELL\Desktop\Computer Science\ResearchPaperAnalyzer\venv\Lib\site-packages\rest_framework\views.py", line 512, in dispatch
    response = handler(request, *args, **kwargs)
               ^^^^^^^^^^^^^^^^^^^^^^^^^^^^^^^^^
  File "C:\Users\DELL\Desktop\Computer Science\ResearchPaperAnalyzer\chatbot\views.py", line 140, in post
    rag_engine = RAGEngine()
                 ^^^^^^^^^^^
  File "C:\Users\DELL\Desktop\Computer Science\ResearchPaperAnalyzer\chatbot\rag_engine.py", line 38, in __init__
    self._initialize_embedding_model()
  File "C:\Users\DELL\Desktop\Computer Science\ResearchPaperAnalyzer\chatbot\rag_engine.py", line 71, in _initialize_embedding_model
    if self.use_openai and self.openai_api_key:
       ^^^^^^^^^^^^^^^
AttributeError: 'VectorRAGEngine' object has no attribute 'use_openai'
Not Found: /api/papers/search/
Not Found: /api/papers/search/
Not Found: /api/papers/search/
Not Found: /api/papers/search/
Not Found: /api/papers/search/
Not Found: /api/papers/search/
Not Found: /api/papers/statistics/
Not Found: /api/papers/search/
Not Found: /api/papers/statistics/
Internal Server Error: /api/chatbot/papers/4a047e16-5748-49cf-9d79-9dd18d10687f/chat/
Traceback (most recent call last):
  File "C:\Users\DELL\Desktop\Computer Science\ResearchPaperAnalyzer\chatbot\rag_engine.py", line 61, in _initialize_embedding_model
    if self.use_openai and self.openai_api_key:
       ^^^^^^^^^^^^^^^
AttributeError: 'VectorRAGEngine' object has no attribute 'use_openai'

During handling of the above exception, another exception occurred:

Traceback (most recent call last):
  File "C:\Users\DELL\Desktop\Computer Science\ResearchPaperAnalyzer\venv\Lib\site-packages\django\core\handlers\exception.py", line 55, in inner
    response = get_response(request)
               ^^^^^^^^^^^^^^^^^^^^^
  File "C:\Users\DELL\Desktop\Computer Science\ResearchPaperAnalyzer\venv\Lib\site-packages\django\core\handlers\base.py", line 197, in _get_response
    response = wrapped_callback(request, *callback_args, **callback_kwargs)
               ^^^^^^^^^^^^^^^^^^^^^^^^^^^^^^^^^^^^^^^^^^^^^^^^^^^^^^^^^^^^
  File "C:\Users\DELL\Desktop\Computer Science\ResearchPaperAnalyzer\venv\Lib\site-packages\django\views\decorators\csrf.py", line 65, in _view_wrapper
    return view_func(request, *args, **kwargs)
           ^^^^^^^^^^^^^^^^^^^^^^^^^^^^^^^^^^^
  File "C:\Users\DELL\Desktop\Computer Science\ResearchPaperAnalyzer\venv\Lib\site-packages\django\views\generic\base.py", line 105, in view
    return self.dispatch(request, *args, **kwargs)
           ^^^^^^^^^^^^^^^^^^^^^^^^^^^^^^^^^^^^^^^
  File "C:\Users\DELL\Desktop\Computer Science\ResearchPaperAnalyzer\venv\Lib\site-packages\rest_framework\views.py", line 515, in dispatch
    response = self.handle_exception(exc)
               ^^^^^^^^^^^^^^^^^^^^^^^^^^
  File "C:\Users\DELL\Desktop\Computer Science\ResearchPaperAnalyzer\venv\Lib\site-packages\rest_framework\views.py", line 475, in handle_exception
    self.raise_uncaught_exception(exc)
  File "C:\Users\DELL\Desktop\Computer Science\ResearchPaperAnalyzer\venv\Lib\site-packages\rest_framework\views.py", line 486, in raise_uncaught_exception
    raise exc
  File "C:\Users\DELL\Desktop\Computer Science\ResearchPaperAnalyzer\venv\Lib\site-packages\rest_framework\views.py", line 512, in dispatch
    response = handler(request, *args, **kwargs)
               ^^^^^^^^^^^^^^^^^^^^^^^^^^^^^^^^^
  File "C:\Users\DELL\Desktop\Computer Science\ResearchPaperAnalyzer\chatbot\views.py", line 140, in post
    rag_engine = RAGEngine()
                 ^^^^^^^^^^^
  File "C:\Users\DELL\Desktop\Computer Science\ResearchPaperAnalyzer\chatbot\rag_engine.py", line 38, in __init__
    self._initialize_embedding_model()
  File "C:\Users\DELL\Desktop\Computer Science\ResearchPaperAnalyzer\chatbot\rag_engine.py", line 71, in _initialize_embedding_model
    if self.use_openai and self.openai_api_key:
       ^^^^^^^^^^^^^^^
AttributeError: 'VectorRAGEngine' object has no attribute 'use_openai'
Not Found: /api/papers/statistics/
Internal Server Error: /api/papers/ef19ab0a-976c-4c02-af3a-f228a0fe4c27/process-references/
Internal Server Error: /api/papers/ef19ab0a-976c-4c02-af3a-f228a0fe4c27/process-references/
Internal Server Error: /api/papers/ef19ab0a-976c-4c02-af3a-f228a0fe4c27/process-references/
Internal Server Error: /api/papers/ef19ab0a-976c-4c02-af3a-f228a0fe4c27/process-references/
Internal Server Error: /api/papers/ef19ab0a-976c-4c02-af3a-f228a0fe4c27/process-references/
Internal Server Error: /api/papers/ef19ab0a-976c-4c02-af3a-f228a0fe4c27/process-references/
Internal Server Error: /api/papers/ef19ab0a-976c-4c02-af3a-f228a0fe4c27/process-references/
Internal Server Error: /api/papers/ef19ab0a-976c-4c02-af3a-f228a0fe4c27/process-references/
Internal Server Error: /api/papers/ef19ab0a-976c-4c02-af3a-f228a0fe4c27/process-references/
Internal Server Error: /api/papers/ef19ab0a-976c-4c02-af3a-f228a0fe4c27/process-references/
Not Found: /api/papers/statistics/
Internal Server Error: /api/papers/ef19ab0a-976c-4c02-af3a-f228a0fe4c27/process-references/
Internal Server Error: /api/papers/ef19ab0a-976c-4c02-af3a-f228a0fe4c27/process-references/
Internal Server Error: /api/papers/ef19ab0a-976c-4c02-af3a-f228a0fe4c27/process-references/
Internal Server Error: /api/chatbot/papers/ef19ab0a-976c-4c02-af3a-f228a0fe4c27/chat/
Traceback (most recent call last):
  File "C:\Users\DELL\Desktop\Computer Science\ResearchPaperAnalyzer\chatbot\rag_engine.py", line 61, in _initialize_embedding_model
    if self.use_openai and self.openai_api_key:
       ^^^^^^^^^^^^^^^
AttributeError: 'VectorRAGEngine' object has no attribute 'use_openai'

During handling of the above exception, another exception occurred:

Traceback (most recent call last):
  File "C:\Users\DELL\Desktop\Computer Science\ResearchPaperAnalyzer\venv\Lib\site-packages\django\core\handlers\exception.py", line 55, in inner
    response = get_response(request)
               ^^^^^^^^^^^^^^^^^^^^^
  File "C:\Users\DELL\Desktop\Computer Science\ResearchPaperAnalyzer\venv\Lib\site-packages\django\core\handlers\base.py", line 197, in _get_response
    response = wrapped_callback(request, *callback_args, **callback_kwargs)
               ^^^^^^^^^^^^^^^^^^^^^^^^^^^^^^^^^^^^^^^^^^^^^^^^^^^^^^^^^^^^
  File "C:\Users\DELL\Desktop\Computer Science\ResearchPaperAnalyzer\venv\Lib\site-packages\django\views\decorators\csrf.py", line 65, in _view_wrapper
    return view_func(request, *args, **kwargs)
           ^^^^^^^^^^^^^^^^^^^^^^^^^^^^^^^^^^^
  File "C:\Users\DELL\Desktop\Computer Science\ResearchPaperAnalyzer\venv\Lib\site-packages\django\views\generic\base.py", line 105, in view
    return self.dispatch(request, *args, **kwargs)
           ^^^^^^^^^^^^^^^^^^^^^^^^^^^^^^^^^^^^^^^
  File "C:\Users\DELL\Desktop\Computer Science\ResearchPaperAnalyzer\venv\Lib\site-packages\rest_framework\views.py", line 515, in dispatch
    response = self.handle_exception(exc)
               ^^^^^^^^^^^^^^^^^^^^^^^^^^
  File "C:\Users\DELL\Desktop\Computer Science\ResearchPaperAnalyzer\venv\Lib\site-packages\rest_framework\views.py", line 475, in handle_exception
    self.raise_uncaught_exception(exc)
  File "C:\Users\DELL\Desktop\Computer Science\ResearchPaperAnalyzer\venv\Lib\site-packages\rest_framework\views.py", line 486, in raise_uncaught_exception
    raise exc
  File "C:\Users\DELL\Desktop\Computer Science\ResearchPaperAnalyzer\venv\Lib\site-packages\rest_framework\views.py", line 512, in dispatch
    response = handler(request, *args, **kwargs)
               ^^^^^^^^^^^^^^^^^^^^^^^^^^^^^^^^^
  File "C:\Users\DELL\Desktop\Computer Science\ResearchPaperAnalyzer\chatbot\views.py", line 140, in post
    rag_engine = RAGEngine()
                 ^^^^^^^^^^^
  File "C:\Users\DELL\Desktop\Computer Science\ResearchPaperAnalyzer\chatbot\rag_engine.py", line 38, in __init__
    self._initialize_embedding_model()
  File "C:\Users\DELL\Desktop\Computer Science\ResearchPaperAnalyzer\chatbot\rag_engine.py", line 71, in _initialize_embedding_model
    if self.use_openai and self.openai_api_key:
       ^^^^^^^^^^^^^^^
AttributeError: 'VectorRAGEngine' object has no attribute 'use_openai'
Not Found: /api/papers/statistics/
Not Found: /api/papers/statistics/
Internal Server Error: /api/papers/ef19ab0a-976c-4c02-af3a-f228a0fe4c27/process-references/
Watching for file changes with StatReloader
Loading faiss with AVX2 support.
Successfully loaded faiss with AVX2 support.
Not Found: /api/papers/statistics/
Not Found: /api/papers/statistics/
Internal Server Error: /api/chatbot/papers/78ce2cc0-131e-4da6-b212-4134ec38b62b/chat/
Traceback (most recent call last):
  File "C:\Users\DELL\Desktop\Computer Science\ResearchPaperAnalyzer\chatbot\rag_engine.py", line 61, in _initialize_embedding_model
    if self.use_openai and self.openai_api_key:
       ^^^^^^^^^^^^^^^
AttributeError: 'VectorRAGEngine' object has no attribute 'use_openai'

During handling of the above exception, another exception occurred:

Traceback (most recent call last):
  File "C:\Users\DELL\Desktop\Computer Science\ResearchPaperAnalyzer\venv\Lib\site-packages\django\core\handlers\exception.py", line 55, in inner
    response = get_response(request)
               ^^^^^^^^^^^^^^^^^^^^^
  File "C:\Users\DELL\Desktop\Computer Science\ResearchPaperAnalyzer\venv\Lib\site-packages\django\core\handlers\base.py", line 197, in _get_response
    response = wrapped_callback(request, *callback_args, **callback_kwargs)
               ^^^^^^^^^^^^^^^^^^^^^^^^^^^^^^^^^^^^^^^^^^^^^^^^^^^^^^^^^^^^
  File "C:\Users\DELL\Desktop\Computer Science\ResearchPaperAnalyzer\venv\Lib\site-packages\django\views\decorators\csrf.py", line 65, in _view_wrapper
    return view_func(request, *args, **kwargs)
           ^^^^^^^^^^^^^^^^^^^^^^^^^^^^^^^^^^^
  File "C:\Users\DELL\Desktop\Computer Science\ResearchPaperAnalyzer\venv\Lib\site-packages\django\views\generic\base.py", line 105, in view
    return self.dispatch(request, *args, **kwargs)
           ^^^^^^^^^^^^^^^^^^^^^^^^^^^^^^^^^^^^^^^
  File "C:\Users\DELL\Desktop\Computer Science\ResearchPaperAnalyzer\venv\Lib\site-packages\rest_framework\views.py", line 515, in dispatch
    response = self.handle_exception(exc)
               ^^^^^^^^^^^^^^^^^^^^^^^^^^
  File "C:\Users\DELL\Desktop\Computer Science\ResearchPaperAnalyzer\venv\Lib\site-packages\rest_framework\views.py", line 475, in handle_exception
    self.raise_uncaught_exception(exc)
  File "C:\Users\DELL\Desktop\Computer Science\ResearchPaperAnalyzer\venv\Lib\site-packages\rest_framework\views.py", line 486, in raise_uncaught_exception
    raise exc
  File "C:\Users\DELL\Desktop\Computer Science\ResearchPaperAnalyzer\venv\Lib\site-packages\rest_framework\views.py", line 512, in dispatch
    response = handler(request, *args, **kwargs)
               ^^^^^^^^^^^^^^^^^^^^^^^^^^^^^^^^^
  File "C:\Users\DELL\Desktop\Computer Science\ResearchPaperAnalyzer\chatbot\views.py", line 159, in post
    rag_engine = RAGEngine()
                 ^^^^^^^^^^^
  File "C:\Users\DELL\Desktop\Computer Science\ResearchPaperAnalyzer\chatbot\rag_engine.py", line 38, in __init__
    self._initialize_embedding_model()
  File "C:\Users\DELL\Desktop\Computer Science\ResearchPaperAnalyzer\chatbot\rag_engine.py", line 71, in _initialize_embedding_model
    if self.use_openai and self.openai_api_key:
       ^^^^^^^^^^^^^^^
AttributeError: 'VectorRAGEngine' object has no attribute 'use_openai'
Not Found: /api/papers/statistics/
Internal Server Error: /api/papers/9bebfc34-8109-442c-a636-adaae2d2686f/process-references/
Internal Server Error: /api/papers/9bebfc34-8109-442c-a636-adaae2d2686f/process-references/
Internal Server Error: /api/papers/9bebfc34-8109-442c-a636-adaae2d2686f/process-references/
Internal Server Error: /api/papers/9bebfc34-8109-442c-a636-adaae2d2686f/process-references/
Internal Server Error: /api/papers/9bebfc34-8109-442c-a636-adaae2d2686f/process-references/
Internal Server Error: /api/papers/9bebfc34-8109-442c-a636-adaae2d2686f/process-references/
Internal Server Error: /api/papers/9bebfc34-8109-442c-a636-adaae2d2686f/process-references/
Internal Server Error: /api/papers/9bebfc34-8109-442c-a636-adaae2d2686f/process-references/
C:\Users\DELL\Desktop\Computer Science\ResearchPaperAnalyzer\chatbot\rag_engine.py changed, reloading.
Watching for file changes with StatReloader
Loading faiss with AVX2 support.
Successfully loaded faiss with AVX2 support.
C:\Users\DELL\Desktop\Computer Science\ResearchPaperAnalyzer\chatbot\rag_engine.py changed, reloading.
Watching for file changes with StatReloader
Loading faiss with AVX2 support.
Successfully loaded faiss with AVX2 support.
C:\Users\DELL\Desktop\Computer Science\ResearchPaperAnalyzer\chatbot\rag_engine.py changed, reloading.
Watching for file changes with StatReloader
Loading faiss with AVX2 support.
Successfully loaded faiss with AVX2 support.
Not Found: /api/papers/statistics/
C:\Users\DELL\Desktop\Computer Science\ResearchPaperAnalyzer\chatbot\rag_engine.py changed, reloading.
Watching for file changes with StatReloader
Loading faiss with AVX2 support.
Successfully loaded faiss with AVX2 support.
Not Found: /api/papers/statistics/
Not Found: /api/papers/statistics/
Not Found: /api/papers/statistics/
Not Found: /api/papers/statistics/
Not Found: /api/papers/statistics/
Not Found: /api/papers/statistics/
Use pytorch device_name: cpu
Load pretrained SentenceTransformer: all-MiniLM-L6-v2
Xet Storage is enabled for this repo, but the 'hf_xet' package is not installed. Falling back to regular HTTP download. For better performance, install the package with: `pip install huggingface_hub[hf_xet]` or `pip install hf_xet`
Not Found: /api/papers/statistics/
Use pytorch device_name: cpu
Load pretrained SentenceTransformer: all-MiniLM-L6-v2
Use pytorch device_name: cpu
Load pretrained SentenceTransformer: all-MiniLM-L6-v2
Use pytorch device_name: cpu
Load pretrained SentenceTransformer: all-MiniLM-L6-v2
C:\Users\DELL\Desktop\Computer Science\ResearchPaperAnalyzer\chatbot\rag_engine.py changed, reloading.
Watching for file changes with StatReloader
Loading faiss with AVX2 support.
Successfully loaded faiss with AVX2 support.
C:\Users\DELL\Desktop\Computer Science\ResearchPaperAnalyzer\chatbot\rag_engine.py changed, reloading.
Watching for file changes with StatReloader
Loading faiss with AVX2 support.
Successfully loaded faiss with AVX2 support.
C:\Users\DELL\Desktop\Computer Science\ResearchPaperAnalyzer\chatbot\rag_engine.py changed, reloading.
Watching for file changes with StatReloader
Loading faiss with AVX2 support.
Successfully loaded faiss with AVX2 support.
C:\Users\DELL\Desktop\Computer Science\ResearchPaperAnalyzer\chatbot\rag_engine.py changed, reloading.
Watching for file changes with StatReloader
Loading faiss with AVX2 support.
Successfully loaded faiss with AVX2 support.
C:\Users\DELL\Desktop\Computer Science\ResearchPaperAnalyzer\chatbot\rag_engine.py changed, reloading.
Watching for file changes with StatReloader
Loading faiss with AVX2 support.
Successfully loaded faiss with AVX2 support.
Use pytorch device_name: cpu
Load pretrained SentenceTransformer: all-MiniLM-L6-v2
Watching for file changes with StatReloader
Loading faiss with AVX2 support.
Successfully loaded faiss with AVX2 support.
Not Found: /api/papers/statistics/
Not Found: /api/papers/statistics/
Not Found: /api/papers/statistics/
Not Found: /api/papers/statistics/
Not Found: /api/papers/statistics/
Use pytorch device_name: cpu
Load pretrained SentenceTransformer: all-MiniLM-L6-v2
Internal Server Error: /api/papers/044ba0ef-3711-420c-acbe-ad09b1b1d8f0/graph/
Traceback (most recent call last):
  File "C:\Users\DELL\Desktop\Computer Science\ResearchPaperAnalyzer\venv\Lib\site-packages\django\template\smartif.py", line 180, in translate_token
    op = OPERATORS[token]
         ~~~~~~~~~^^^^^^^
KeyError: 'paper.chunks.filter.embedding__isnull=False.exists'

During handling of the above exception, another exception occurred:

Traceback (most recent call last):
  File "C:\Users\DELL\Desktop\Computer Science\ResearchPaperAnalyzer\venv\Lib\site-packages\django\core\handlers\exception.py", line 55, in inner
    response = get_response(request)
               ^^^^^^^^^^^^^^^^^^^^^
  File "C:\Users\DELL\Desktop\Computer Science\ResearchPaperAnalyzer\venv\Lib\site-packages\django\core\handlers\base.py", line 197, in _get_response
    response = wrapped_callback(request, *callback_args, **callback_kwargs)
               ^^^^^^^^^^^^^^^^^^^^^^^^^^^^^^^^^^^^^^^^^^^^^^^^^^^^^^^^^^^^
  File "C:\Users\DELL\Desktop\Computer Science\ResearchPaperAnalyzer\venv\Lib\site-packages\django\views\decorators\csrf.py", line 65, in _view_wrapper
    return view_func(request, *args, **kwargs)
           ^^^^^^^^^^^^^^^^^^^^^^^^^^^^^^^^^^^
  File "C:\Users\DELL\Desktop\Computer Science\ResearchPaperAnalyzer\venv\Lib\site-packages\django\views\generic\base.py", line 105, in view
    return self.dispatch(request, *args, **kwargs)
           ^^^^^^^^^^^^^^^^^^^^^^^^^^^^^^^^^^^^^^^
  File "C:\Users\DELL\Desktop\Computer Science\ResearchPaperAnalyzer\venv\Lib\site-packages\rest_framework\views.py", line 515, in dispatch
    response = self.handle_exception(exc)
               ^^^^^^^^^^^^^^^^^^^^^^^^^^
  File "C:\Users\DELL\Desktop\Computer Science\ResearchPaperAnalyzer\venv\Lib\site-packages\rest_framework\views.py", line 475, in handle_exception
    self.raise_uncaught_exception(exc)
  File "C:\Users\DELL\Desktop\Computer Science\ResearchPaperAnalyzer\venv\Lib\site-packages\rest_framework\views.py", line 486, in raise_uncaught_exception
    raise exc
  File "C:\Users\DELL\Desktop\Computer Science\ResearchPaperAnalyzer\venv\Lib\site-packages\rest_framework\views.py", line 512, in dispatch
    response = handler(request, *args, **kwargs)
               ^^^^^^^^^^^^^^^^^^^^^^^^^^^^^^^^^
  File "C:\Users\DELL\Desktop\Computer Science\ResearchPaperAnalyzer\papers\views.py", line 53, in get
    return render(request, self.template_name, {'paper': paper})
           ^^^^^^^^^^^^^^^^^^^^^^^^^^^^^^^^^^^^^^^^^^^^^^^^^^^^^
  File "C:\Users\DELL\Desktop\Computer Science\ResearchPaperAnalyzer\venv\Lib\site-packages\django\shortcuts.py", line 25, in render
    content = loader.render_to_string(template_name, context, request, using=using)
              ^^^^^^^^^^^^^^^^^^^^^^^^^^^^^^^^^^^^^^^^^^^^^^^^^^^^^^^^^^^^^^^^^^^^^
  File "C:\Users\DELL\Desktop\Computer Science\ResearchPaperAnalyzer\venv\Lib\site-packages\django\template\loader.py", line 61, in render_to_string
    template = get_template(template_name, using=using)
               ^^^^^^^^^^^^^^^^^^^^^^^^^^^^^^^^^^^^^^^^
  File "C:\Users\DELL\Desktop\Computer Science\ResearchPaperAnalyzer\venv\Lib\site-packages\django\template\loader.py", line 15, in get_template
    return engine.get_template(template_name)
           ^^^^^^^^^^^^^^^^^^^^^^^^^^^^^^^^^^
  File "C:\Users\DELL\Desktop\Computer Science\ResearchPaperAnalyzer\venv\Lib\site-packages\django\template\backends\django.py", line 79, in get_template
    return Template(self.engine.get_template(template_name), self)
                    ^^^^^^^^^^^^^^^^^^^^^^^^^^^^^^^^^^^^^^^
  File "C:\Users\DELL\Desktop\Computer Science\ResearchPaperAnalyzer\venv\Lib\site-packages\django\template\engine.py", line 177, in get_template
    template, origin = self.find_template(template_name)
                       ^^^^^^^^^^^^^^^^^^^^^^^^^^^^^^^^^
  File "C:\Users\DELL\Desktop\Computer Science\ResearchPaperAnalyzer\venv\Lib\site-packages\django\template\engine.py", line 159, in find_template
    template = loader.get_template(name, skip=skip)
               ^^^^^^^^^^^^^^^^^^^^^^^^^^^^^^^^^^^^
  File "C:\Users\DELL\Desktop\Computer Science\ResearchPaperAnalyzer\venv\Lib\site-packages\django\template\loaders\cached.py", line 57, in get_template
    template = super().get_template(template_name, skip)
               ^^^^^^^^^^^^^^^^^^^^^^^^^^^^^^^^^^^^^^^^^
  File "C:\Users\DELL\Desktop\Computer Science\ResearchPaperAnalyzer\venv\Lib\site-packages\django\template\loaders\base.py", line 28, in get_template
    return Template(
           ^^^^^^^^^
  File "C:\Users\DELL\Desktop\Computer Science\ResearchPaperAnalyzer\venv\Lib\site-packages\django\template\base.py", line 154, in __init__
    self.nodelist = self.compile_nodelist()
                    ^^^^^^^^^^^^^^^^^^^^^^^
  File "C:\Users\DELL\Desktop\Computer Science\ResearchPaperAnalyzer\venv\Lib\site-packages\django\template\base.py", line 196, in compile_nodelist
    nodelist = parser.parse()
               ^^^^^^^^^^^^^^
  File "C:\Users\DELL\Desktop\Computer Science\ResearchPaperAnalyzer\venv\Lib\site-packages\django\template\base.py", line 518, in parse
    raise self.error(token, e)
  File "C:\Users\DELL\Desktop\Computer Science\ResearchPaperAnalyzer\venv\Lib\site-packages\django\template\base.py", line 516, in parse
    compiled_result = compile_func(self, token)
                      ^^^^^^^^^^^^^^^^^^^^^^^^^
  File "C:\Users\DELL\Desktop\Computer Science\ResearchPaperAnalyzer\venv\Lib\site-packages\django\template\loader_tags.py", line 299, in do_extends
    nodelist = parser.parse()
               ^^^^^^^^^^^^^^
  File "C:\Users\DELL\Desktop\Computer Science\ResearchPaperAnalyzer\venv\Lib\site-packages\django\template\base.py", line 518, in parse
    raise self.error(token, e)
  File "C:\Users\DELL\Desktop\Computer Science\ResearchPaperAnalyzer\venv\Lib\site-packages\django\template\base.py", line 516, in parse
    compiled_result = compile_func(self, token)
                      ^^^^^^^^^^^^^^^^^^^^^^^^^
  File "C:\Users\DELL\Desktop\Computer Science\ResearchPaperAnalyzer\venv\Lib\site-packages\django\template\loader_tags.py", line 234, in do_block
    nodelist = parser.parse(("endblock",))
               ^^^^^^^^^^^^^^^^^^^^^^^^^^^
  File "C:\Users\DELL\Desktop\Computer Science\ResearchPaperAnalyzer\venv\Lib\site-packages\django\template\base.py", line 518, in parse
    raise self.error(token, e)
  File "C:\Users\DELL\Desktop\Computer Science\ResearchPaperAnalyzer\venv\Lib\site-packages\django\template\base.py", line 516, in parse
    compiled_result = compile_func(self, token)
                      ^^^^^^^^^^^^^^^^^^^^^^^^^
  File "C:\Users\DELL\Desktop\Computer Science\ResearchPaperAnalyzer\venv\Lib\site-packages\django\template\defaulttags.py", line 961, in do_if
    condition = TemplateIfParser(parser, bits).parse()
                ^^^^^^^^^^^^^^^^^^^^^^^^^^^^^^
  File "C:\Users\DELL\Desktop\Computer Science\ResearchPaperAnalyzer\venv\Lib\site-packages\django\template\defaulttags.py", line 894, in __init__
    super().__init__(*args, **kwargs)
  File "C:\Users\DELL\Desktop\Computer Science\ResearchPaperAnalyzer\venv\Lib\site-packages\django\template\smartif.py", line 171, in __init__
    mapped_tokens.append(self.translate_token(token))
                         ^^^^^^^^^^^^^^^^^^^^^^^^^^^
  File "C:\Users\DELL\Desktop\Computer Science\ResearchPaperAnalyzer\venv\Lib\site-packages\django\template\smartif.py", line 182, in translate_token
    return self.create_var(token)
           ^^^^^^^^^^^^^^^^^^^^^^
  File "C:\Users\DELL\Desktop\Computer Science\ResearchPaperAnalyzer\venv\Lib\site-packages\django\template\defaulttags.py", line 897, in create_var
    return TemplateLiteral(self.template_parser.compile_filter(value), value)
                           ^^^^^^^^^^^^^^^^^^^^^^^^^^^^^^^^^^^^^^^^^^
  File "C:\Users\DELL\Desktop\Computer Science\ResearchPaperAnalyzer\venv\Lib\site-packages\django\template\base.py", line 609, in compile_filter
    return FilterExpression(token, self)
           ^^^^^^^^^^^^^^^^^^^^^^^^^^^^^
  File "C:\Users\DELL\Desktop\Computer Science\ResearchPaperAnalyzer\venv\Lib\site-packages\django\template\base.py", line 710, in __init__
    raise TemplateSyntaxError(
django.template.exceptions.TemplateSyntaxError: Could not parse the remainder: '=False.exists' from 'paper.chunks.filter.embedding__isnull=False.exists'
Internal Server Error: /api/papers/044ba0ef-3711-420c-acbe-ad09b1b1d8f0/graph/
Traceback (most recent call last):
  File "C:\Users\DELL\Desktop\Computer Science\ResearchPaperAnalyzer\venv\Lib\site-packages\django\template\smartif.py", line 180, in translate_token
    op = OPERATORS[token]
         ~~~~~~~~~^^^^^^^
KeyError: 'paper.chunks.filter.embedding__isnull=False.exists'

During handling of the above exception, another exception occurred:

Traceback (most recent call last):
  File "C:\Users\DELL\Desktop\Computer Science\ResearchPaperAnalyzer\venv\Lib\site-packages\django\core\handlers\exception.py", line 55, in inner
    response = get_response(request)
               ^^^^^^^^^^^^^^^^^^^^^
  File "C:\Users\DELL\Desktop\Computer Science\ResearchPaperAnalyzer\venv\Lib\site-packages\django\core\handlers\base.py", line 197, in _get_response
    response = wrapped_callback(request, *callback_args, **callback_kwargs)
               ^^^^^^^^^^^^^^^^^^^^^^^^^^^^^^^^^^^^^^^^^^^^^^^^^^^^^^^^^^^^
  File "C:\Users\DELL\Desktop\Computer Science\ResearchPaperAnalyzer\venv\Lib\site-packages\django\views\decorators\csrf.py", line 65, in _view_wrapper
    return view_func(request, *args, **kwargs)
           ^^^^^^^^^^^^^^^^^^^^^^^^^^^^^^^^^^^
  File "C:\Users\DELL\Desktop\Computer Science\ResearchPaperAnalyzer\venv\Lib\site-packages\django\views\generic\base.py", line 105, in view
    return self.dispatch(request, *args, **kwargs)
           ^^^^^^^^^^^^^^^^^^^^^^^^^^^^^^^^^^^^^^^
  File "C:\Users\DELL\Desktop\Computer Science\ResearchPaperAnalyzer\venv\Lib\site-packages\rest_framework\views.py", line 515, in dispatch
    response = self.handle_exception(exc)
               ^^^^^^^^^^^^^^^^^^^^^^^^^^
  File "C:\Users\DELL\Desktop\Computer Science\ResearchPaperAnalyzer\venv\Lib\site-packages\rest_framework\views.py", line 475, in handle_exception
    self.raise_uncaught_exception(exc)
  File "C:\Users\DELL\Desktop\Computer Science\ResearchPaperAnalyzer\venv\Lib\site-packages\rest_framework\views.py", line 486, in raise_uncaught_exception
    raise exc
  File "C:\Users\DELL\Desktop\Computer Science\ResearchPaperAnalyzer\venv\Lib\site-packages\rest_framework\views.py", line 512, in dispatch
    response = handler(request, *args, **kwargs)
               ^^^^^^^^^^^^^^^^^^^^^^^^^^^^^^^^^
  File "C:\Users\DELL\Desktop\Computer Science\ResearchPaperAnalyzer\papers\views.py", line 53, in get
    return render(request, self.template_name, {'paper': paper})
           ^^^^^^^^^^^^^^^^^^^^^^^^^^^^^^^^^^^^^^^^^^^^^^^^^^^^^
  File "C:\Users\DELL\Desktop\Computer Science\ResearchPaperAnalyzer\venv\Lib\site-packages\django\shortcuts.py", line 25, in render
    content = loader.render_to_string(template_name, context, request, using=using)
              ^^^^^^^^^^^^^^^^^^^^^^^^^^^^^^^^^^^^^^^^^^^^^^^^^^^^^^^^^^^^^^^^^^^^^
  File "C:\Users\DELL\Desktop\Computer Science\ResearchPaperAnalyzer\venv\Lib\site-packages\django\template\loader.py", line 61, in render_to_string
    template = get_template(template_name, using=using)
               ^^^^^^^^^^^^^^^^^^^^^^^^^^^^^^^^^^^^^^^^
  File "C:\Users\DELL\Desktop\Computer Science\ResearchPaperAnalyzer\venv\Lib\site-packages\django\template\loader.py", line 15, in get_template
    return engine.get_template(template_name)
           ^^^^^^^^^^^^^^^^^^^^^^^^^^^^^^^^^^
  File "C:\Users\DELL\Desktop\Computer Science\ResearchPaperAnalyzer\venv\Lib\site-packages\django\template\backends\django.py", line 79, in get_template
    return Template(self.engine.get_template(template_name), self)
                    ^^^^^^^^^^^^^^^^^^^^^^^^^^^^^^^^^^^^^^^
  File "C:\Users\DELL\Desktop\Computer Science\ResearchPaperAnalyzer\venv\Lib\site-packages\django\template\engine.py", line 177, in get_template
    template, origin = self.find_template(template_name)
                       ^^^^^^^^^^^^^^^^^^^^^^^^^^^^^^^^^
  File "C:\Users\DELL\Desktop\Computer Science\ResearchPaperAnalyzer\venv\Lib\site-packages\django\template\engine.py", line 159, in find_template
    template = loader.get_template(name, skip=skip)
               ^^^^^^^^^^^^^^^^^^^^^^^^^^^^^^^^^^^^
  File "C:\Users\DELL\Desktop\Computer Science\ResearchPaperAnalyzer\venv\Lib\site-packages\django\template\loaders\cached.py", line 57, in get_template
    template = super().get_template(template_name, skip)
               ^^^^^^^^^^^^^^^^^^^^^^^^^^^^^^^^^^^^^^^^^
  File "C:\Users\DELL\Desktop\Computer Science\ResearchPaperAnalyzer\venv\Lib\site-packages\django\template\loaders\base.py", line 28, in get_template
    return Template(
           ^^^^^^^^^
  File "C:\Users\DELL\Desktop\Computer Science\ResearchPaperAnalyzer\venv\Lib\site-packages\django\template\base.py", line 154, in __init__
    self.nodelist = self.compile_nodelist()
                    ^^^^^^^^^^^^^^^^^^^^^^^
  File "C:\Users\DELL\Desktop\Computer Science\ResearchPaperAnalyzer\venv\Lib\site-packages\django\template\base.py", line 196, in compile_nodelist
    nodelist = parser.parse()
               ^^^^^^^^^^^^^^
  File "C:\Users\DELL\Desktop\Computer Science\ResearchPaperAnalyzer\venv\Lib\site-packages\django\template\base.py", line 518, in parse
    raise self.error(token, e)
  File "C:\Users\DELL\Desktop\Computer Science\ResearchPaperAnalyzer\venv\Lib\site-packages\django\template\base.py", line 516, in parse
    compiled_result = compile_func(self, token)
                      ^^^^^^^^^^^^^^^^^^^^^^^^^
  File "C:\Users\DELL\Desktop\Computer Science\ResearchPaperAnalyzer\venv\Lib\site-packages\django\template\loader_tags.py", line 299, in do_extends
    nodelist = parser.parse()
               ^^^^^^^^^^^^^^
  File "C:\Users\DELL\Desktop\Computer Science\ResearchPaperAnalyzer\venv\Lib\site-packages\django\template\base.py", line 518, in parse
    raise self.error(token, e)
  File "C:\Users\DELL\Desktop\Computer Science\ResearchPaperAnalyzer\venv\Lib\site-packages\django\template\base.py", line 516, in parse
    compiled_result = compile_func(self, token)
                      ^^^^^^^^^^^^^^^^^^^^^^^^^
  File "C:\Users\DELL\Desktop\Computer Science\ResearchPaperAnalyzer\venv\Lib\site-packages\django\template\loader_tags.py", line 234, in do_block
    nodelist = parser.parse(("endblock",))
               ^^^^^^^^^^^^^^^^^^^^^^^^^^^
  File "C:\Users\DELL\Desktop\Computer Science\ResearchPaperAnalyzer\venv\Lib\site-packages\django\template\base.py", line 518, in parse
    raise self.error(token, e)
  File "C:\Users\DELL\Desktop\Computer Science\ResearchPaperAnalyzer\venv\Lib\site-packages\django\template\base.py", line 516, in parse
    compiled_result = compile_func(self, token)
                      ^^^^^^^^^^^^^^^^^^^^^^^^^
  File "C:\Users\DELL\Desktop\Computer Science\ResearchPaperAnalyzer\venv\Lib\site-packages\django\template\defaulttags.py", line 961, in do_if
    condition = TemplateIfParser(parser, bits).parse()
                ^^^^^^^^^^^^^^^^^^^^^^^^^^^^^^
  File "C:\Users\DELL\Desktop\Computer Science\ResearchPaperAnalyzer\venv\Lib\site-packages\django\template\defaulttags.py", line 894, in __init__
    super().__init__(*args, **kwargs)
  File "C:\Users\DELL\Desktop\Computer Science\ResearchPaperAnalyzer\venv\Lib\site-packages\django\template\smartif.py", line 171, in __init__
    mapped_tokens.append(self.translate_token(token))
                         ^^^^^^^^^^^^^^^^^^^^^^^^^^^
  File "C:\Users\DELL\Desktop\Computer Science\ResearchPaperAnalyzer\venv\Lib\site-packages\django\template\smartif.py", line 182, in translate_token
    return self.create_var(token)
           ^^^^^^^^^^^^^^^^^^^^^^
  File "C:\Users\DELL\Desktop\Computer Science\ResearchPaperAnalyzer\venv\Lib\site-packages\django\template\defaulttags.py", line 897, in create_var
    return TemplateLiteral(self.template_parser.compile_filter(value), value)
                           ^^^^^^^^^^^^^^^^^^^^^^^^^^^^^^^^^^^^^^^^^^
  File "C:\Users\DELL\Desktop\Computer Science\ResearchPaperAnalyzer\venv\Lib\site-packages\django\template\base.py", line 609, in compile_filter
    return FilterExpression(token, self)
           ^^^^^^^^^^^^^^^^^^^^^^^^^^^^^
  File "C:\Users\DELL\Desktop\Computer Science\ResearchPaperAnalyzer\venv\Lib\site-packages\django\template\base.py", line 710, in __init__
    raise TemplateSyntaxError(
django.template.exceptions.TemplateSyntaxError: Could not parse the remainder: '=False.exists' from 'paper.chunks.filter.embedding__isnull=False.exists'
C:\Users\DELL\Desktop\Computer Science\ResearchPaperAnalyzer\papers\views.py changed, reloading.
Watching for file changes with StatReloader
Loading faiss with AVX2 support.
Successfully loaded faiss with AVX2 support.
C:\Users\DELL\Desktop\Computer Science\ResearchPaperAnalyzer\papers\views.py changed, reloading.
Watching for file changes with StatReloader
Loading faiss with AVX2 support.
Successfully loaded faiss with AVX2 support.
Not Found: /api/papers/statistics/
Use pytorch device_name: cpu
Load pretrained SentenceTransformer: all-MiniLM-L6-v2
Not Found: /api/chatbot/paper-chat/d43657ab-3420-4736-8693-63fd13a46a7e/
Use pytorch device_name: cpu
Load pretrained SentenceTransformer: all-MiniLM-L6-v2
C:\Users\DELL\Desktop\Computer Science\ResearchPaperAnalyzer\papers\reference_graph_builder.py changed, reloading.
Watching for file changes with StatReloader
Loading faiss with AVX2 support.
Successfully loaded faiss with AVX2 support.
Loading faiss with AVX2 support.
Successfully loaded faiss with AVX2 support.
Loading faiss with AVX2 support.
Successfully loaded faiss with AVX2 support.
Loading faiss with AVX2 support.
Successfully loaded faiss with AVX2 support.
C:\Users\DELL\Desktop\Computer Science\ResearchPaperAnalyzer\papers\reference_graph_builder.py changed, reloading.
Watching for file changes with StatReloader
Loading faiss with AVX2 support.
Successfully loaded faiss with AVX2 support.
C:\Users\DELL\Desktop\Computer Science\ResearchPaperAnalyzer\papers\reference_graph_builder.py changed, reloading.
Watching for file changes with StatReloader
Loading faiss with AVX2 support.
Successfully loaded faiss with AVX2 support.
Loading faiss with AVX2 support.
Successfully loaded faiss with AVX2 support.
C:\Users\DELL\Desktop\Computer Science\ResearchPaperAnalyzer\papers\reference_graph_builder.py changed, reloading.
Watching for file changes with StatReloader
Loading faiss with AVX2 support.
Successfully loaded faiss with AVX2 support.
Not Found: /api/papers/statistics/
Not Found: /api/papers/statistics/
Use pytorch device_name: cpu
Load pretrained SentenceTransformer: all-MiniLM-L6-v2
Use pytorch device_name: cpu
Load pretrained SentenceTransformer: all-MiniLM-L6-v2
Use pytorch device_name: cpu
Load pretrained SentenceTransformer: all-MiniLM-L6-v2
Watching for file changes with StatReloader
Loading faiss with AVX2 support.
Successfully loaded faiss with AVX2 support.
Not Found: /api/papers/statistics/
Use pytorch device_name: cpu
Load pretrained SentenceTransformer: all-MiniLM-L6-v2
Use pytorch device_name: cpu
Load pretrained SentenceTransformer: all-MiniLM-L6-v2
Not Found: /api/papers/statistics/
Not Found: /api/papers/statistics/
Use pytorch device_name: cpu
Load pretrained SentenceTransformer: all-MiniLM-L6-v2
Use pytorch device_name: cpu
Load pretrained SentenceTransformer: all-MiniLM-L6-v2
C:\Users\DELL\Desktop\Computer Science\ResearchPaperAnalyzer\chatbot\rag_engine.py changed, reloading.
Watching for file changes with StatReloader
Loading faiss with AVX2 support.
Successfully loaded faiss with AVX2 support.
